hostname,sy_pnum,pl_name,discoverymethod,pl_controv_flag,st_mass,pl_orbper,pl_orbeccen,pl_msinie,st_masserr1,pl_orbpererr1,pl_orbeccenerr1,pl_msinieerr1,st_masserr2,pl_orbpererr2,pl_orbeccenerr2,pl_msinieerr2
Kepler-150,5,Kepler-150 d,Transit,0,0.956,12.56093,0.0,,0.018,3.6e-05,,,-0.021,-3.6e-05,,
Kepler-221,4,Kepler-221 d,Transit,0,0.854,10.04156,0.0,,0.012,1.1e-05,,,-0.016,-1.1e-05,,
Kepler-311,3,Kepler-311 c,Transit,0,0.994,19.738286,0.0,,0.033,0.000205,,,-0.029,-0.000205,,
Kepler-150,5,Kepler-150 e,Transit,0,0.956,30.826557,0.0,,0.018,0.000199,,,-0.021,-0.000199,,
Kepler-272,3,Kepler-272 c,Transit,0,0.91,6.057342,0.0,,0.014,3.7e-05,,,-0.011,-3.7e-05,,
HD 3167,4,HD 3167 b,Transit,0,0.837,0.959641,0.0,,0.053,1.1e-05,,,-0.043,-1.1e-05,,
GJ 876,4,GJ 876 b,Radial Velocity,0,0.32,61.1166,0.0324,760.9,0.03,0.0086,0.0013,1.0,-0.03,-0.0086,-0.0013,-1.0
HIP 14810,3,HIP 14810 c,Radial Velocity,0,1.01,147.747,0.1566,416.3573,0.19,0.029,0.0099,57.2094,-0.19,-0.029,-0.0099,-57.2094
HIP 14810,3,HIP 14810 b,Radial Velocity,0,1.01,6.673892,0.14399,1239.537,0.19,8e-06,0.00087,155.7367,-0.19,-8e-06,-0.00087,-155.7367
GJ 876,4,GJ 876 d,Radial Velocity,0,0.32,1.93778,0.207,6.91,0.03,2e-05,0.055,0.22,-0.03,-2e-05,-0.055,-0.27
GJ 876,4,GJ 876 e,Radial Velocity,0,0.32,124.26,0.055,15.43,0.03,0.7,0.012,1.29,-0.03,-0.7,-0.012,-1.27
HD 3167,4,HD 3167 c,Transit,0,0.837,29.8454,0.06,,0.053,0.0012,,,-0.043,-0.0012,,
PSR B1257+12,3,PSR B1257+12 b,Pulsar Timing,0,1.4,25.262,0.0,0.015,,0.003,,,,-0.003,,
PSR B1257+12,3,PSR B1257+12 d,Pulsar Timing,0,1.4,98.2114,0.0264,2.8,,0.0002,0.0009,,,-0.0002,-0.0009,
Kepler-18,3,Kepler-18 c,Transit,0,0.972,7.64159,0.0,19.74151127,0.042,3e-05,,4.911544501,-0.042,-3e-05,,-4.911544501
Kepler-18,3,Kepler-18 b,Transit,0,0.972,3.504725,0.0,12.75110304,0.042,2.8e-05,,3.906266927,-0.042,-2.8e-05,,-3.906266927
HD 136352,3,HD 136352 d,Radial Velocity,0,0.87,107.245,0.0,10.5,0.04,0.05,,1.1,-0.04,-0.05,,-1.0
Kepler-18,3,Kepler-18 d,Transit,0,0.972,14.85888,0.0,24.07517665,0.042,4e-05,,6.379405478,-0.042,-4e-05,,-6.379405478
HD 108236,5,HD 108236 f,Transit,0,0.869,29.54115,0.051,,0.05,0.00033,0.036,,-0.048,-0.00042,-0.034,
Kepler-58,4,Kepler-58 c,Transit,0,0.95,15.5741568,0.0,,,0.00027,,,,-0.00027,,
Kepler-62,5,Kepler-62 c,Transit,0,0.69,12.4417,0.0,,0.02,0.0001,,,-0.02,-0.0001,,
Kepler-62,5,Kepler-62 b,Transit,0,0.69,5.714932,0.0,,0.02,9e-06,,,-0.02,-9e-06,,
GJ 667 C,5,GJ 667 C b,Radial Velocity,0,0.33,7.203,0.2,5.68,0.02,0.0019,0.1,0.23,-0.02,-0.0019,-0.1,-0.23
Kepler-53,3,Kepler-53 b,Transit,0,0.98,18.6489525,0.0,,,0.00016,,,,-0.00016,,
Kepler-37,4,Kepler-37 e,Transit Timing Variations,0,0.8,51.196,0.0,8.1,,,,1.7,,,,-1.7
Kepler-65,4,Kepler-65 d,Transit,0,1.25,8.13123,0.014,4.248292575,0.06,2e-05,0.016,3.927521185,-0.06,-2e-05,-0.01,-3.927521185
Kepler-52,3,Kepler-52 c,Transit,0,0.54,16.3850021,0.012,,,0.00014,0.018,,,-0.00014,-0.009,
Kepler-55,5,Kepler-55 b,Transit,0,0.62,27.9481449,0.0,,,0.00024,,,,-0.00024,,
Kepler-30,3,Kepler-30 d,Transit,0,0.99,143.34394,0.022,,0.08,0.00858,0.005,,-0.08,-0.00858,-0.005,
HD 27894,3,HD 27894 b,Radial Velocity,0,0.81,18.01939,0.047,196.735783933,0.096,0.00024,0.012,15.89142035,-0.096,-0.00027,-0.011,-15.89142035
HD 10180,6,HD 10180 d,Radial Velocity,0,1.06,16.357,0.131,12.013974,0.05,0.0038,0.052,0.699226,-0.05,-0.0038,-0.052,-0.699226
HD 11506,3,HD 11506 d,Radial Velocity,0,1.22,26500.0,0.29,,0.02,300.0,0.02,,-0.02,-300.0,-0.03,
Kepler-186,5,Kepler-186 b,Transit,0,0.478,3.8867907,0.0,,0.055,6.2e-06,,,-0.055,-6.3e-06,,
GJ 163,3,GJ 163 b,Radial Velocity,0,0.4,8.63182,0.073,10.6,0.02,0.00155,0.05,0.6,-0.02,-0.00155,-0.05,-0.6
Kepler-27,3,Kepler-27 c,Transit,0,0.65,31.3309,0.0,,0.16,,,,-0.16,,,
Kepler-27,3,Kepler-27 b,Transit,0,0.65,15.3348,0.0,,0.16,,,,-0.16,,,
Kepler-186,5,Kepler-186 d,Transit,0,0.478,13.342996,0.0,,0.055,2.5e-05,,,-0.055,-2.4e-05,,
Kepler-11,6,Kepler-11 d,Transit,0,0.961,22.6845,0.004,8.353794624,0.025,0.0009,0.007,5.958174151,-0.025,-0.0009,-0.002,-5.958174151
Kepler-11,6,Kepler-11 b,Transit,0,0.961,10.3039,0.045,7.454491989,0.025,0.0006,0.068,7.480811077,-0.025,-0.001,-0.042,-7.480811077
Kepler-31,3,Kepler-31 c,Transit,0,1.21,42.6318,0.0,,0.17,0.0005,,,-0.17,-0.0005,,
Kepler-32,5,Kepler-32 c,Transit,0,0.58,8.7522,0.0,,0.05,0.0003,,,-0.05,-0.0003,,
GJ 163,3,GJ 163 c,Radial Velocity,0,0.4,25.63058,0.099,6.8,0.02,0.0255,0.086,0.9,-0.02,-0.0255,-0.086,-0.9
GJ 163,3,GJ 163 d,Radial Velocity,0,0.4,603.95116,0.373,29.4,0.02,7.55862,0.077,2.9,-0.02,-7.55862,-0.077,-2.9
Kepler-32,5,Kepler-32 d,Transit,0,0.58,22.7802,0.0,,0.05,0.0005,,,-0.05,-0.0005,,
Kepler-31,3,Kepler-31 d,Transit,0,1.21,87.6451,0.0,,0.17,0.0014,,,-0.17,-0.0014,,
Kepler-31,3,Kepler-31 b,Transit,0,1.21,20.8613,0.0,,0.17,0.0002,,,-0.17,-0.0002,,
Kepler-32,5,Kepler-32 f,Transit,0,0.58,0.74296,0.0,,0.05,7e-05,,,-0.05,-7e-05,,
KOI-94,4,KOI-94 d,Transit,0,1.277,22.342989,0.022,79.6018337,0.05,6.7e-06,0.038,8.668636752,-0.05,-6.7e-06,-0.038,-8.668636752
KOI-94,4,KOI-94 b,Transit,0,1.277,3.743208,0.25,5.756953608,0.05,1.5e-05,0.17,3.803638805,-0.05,-1.5e-05,-0.17,-3.803638805
KOI-94,4,KOI-94 e,Transit,0,1.277,54.32031,0.019,8.093861738,0.05,0.00012,0.23,8.157457015,-0.05,-0.00012,-0.23,-8.157457015
Kepler-122,5,Kepler-122 f,Transit Timing Variations,0,1.03,56.268,0.0,,,,,,,,,
TOI-7510,3,TOI-7510 d,Transit,0,1.063,48.864468,0.04,,0.065,,0.022,,-0.065,,-0.022,
HD 3167,4,HD 3167 e,Radial Velocity,0,0.837,96.63,0.15,8.41,0.053,0.292,,1.02,-0.043,-0.292,,-1.02
Kepler-42,3,Kepler-42 c,Transit,0,0.13,0.45328509,0.0,,0.05,9.7e-07,0.1,,-0.05,-9.7e-07,0.0,
Kepler-33,5,Kepler-33 c,Transit,0,1.291,13.17562,0.0,,0.063,0.00014,,,-0.121,-0.00014,,
Kepler-338,4,Kepler-338 e,Transit Timing Variations,0,1.14,9.341,0.05,,,,0.23,,,,-0.05,
Kepler-33,5,Kepler-33 e,Transit,0,1.291,31.7844,0.0,,0.063,0.00039,,,-0.121,-0.00039,,
Kepler-33,5,Kepler-33 b,Transit,0,1.291,5.66793,0.0,,0.063,0.00012,,,-0.121,-0.00012,,
Kepler-46,3,Kepler-46 c,Transit Timing Variations,0,0.902,57.011,0.0146,,0.04,0.051,0.0034,,-0.038,-0.061,-0.0036,
Kepler-46,3,Kepler-46 b,Transit,0,0.902,33.60134,0.01,,0.04,0.00021,0.01,,-0.038,-0.0002,-0.01,
Kepler-130,3,Kepler-130 c,Transit,0,1.0,27.50868,0.0,,0.09,6e-05,0.07,,-0.1,-7e-05,0.0,
Kepler-33,5,Kepler-33 f,Transit,0,1.291,41.02902,0.0,,0.063,0.00042,,,-0.121,-0.00042,,
Kepler-33,5,Kepler-33 d,Transit,0,1.291,21.77596,0.0,,0.063,0.00011,,,-0.121,-0.00011,,
Kepler-52,3,Kepler-52 b,Transit,0,0.54,7.8773565,0.0,,,3.8e-05,,,,-3.8e-05,,
Kepler-58,4,Kepler-58 b,Transit,0,0.95,10.2184954,0.04,,,0.00015,0.044,,,-0.00015,-0.031,
Kepler-62,5,Kepler-62 e,Transit,0,0.69,122.3874,0.0,,0.02,0.0008,,,-0.02,-0.0008,,
Kepler-149,3,Kepler-149 d,Transit,0,1.013,160.018032,0.0,,0.031,0.001096,,,-0.033,-0.001096,,
Kepler-124,3,Kepler-124 d,Transit,0,0.706,30.950851,0.0,,0.01,0.000361,,,-0.006,-0.000361,,
Kepler-276,3,Kepler-276 d,Transit,0,1.1,48.648,0.0,,0.22,,,,-0.14,,,
Kepler-114,3,Kepler-114 c,Transit,0,0.56,8.041,0.0,,0.06,,,,-0.06,,,
Kepler-297,3,Kepler-297 b,Transit,0,0.927,38.871826,0.0,,0.025,0.000153,,,-0.034,-0.000153,,
Kepler-402,4,Kepler-402 c,Transit,0,1.072,6.124821,0.0,,0.036,2.6e-05,,,-0.029,-2.6e-05,,
Kepler-157,3,Kepler-157 b,Transit,0,0.95,1.732342,0.0,,0.032,6e-06,,,-0.032,-6e-06,,
Kepler-450,3,Kepler-450 c,Transit,0,1.19,15.413135,0.02,,0.197747,8.5e-05,0.17,,-0.142064,-8.5e-05,-0.02,
Kepler-81,3,Kepler-81 c,Transit,0,0.64,12.04,0.0,,0.38,,,,-0.23,,,
Kepler-92,3,Kepler-92 b,Transit,0,1.21,13.749,0.17,19.35002566,0.08,,0.1,8.372749005,-0.08,,-0.17,-8.372749005
Kepler-288,3,Kepler-288 c,Transit,0,0.842,19.305772,0.0,,0.022,0.000135,,,-0.015,-0.000135,,
Kepler-295,3,Kepler-295 b,Transit,0,0.89,12.645164,0.0,,0.037,0.000181,,,-0.044,-0.000181,,
Kepler-178,3,Kepler-178 d,Transit,0,0.852,96.678988,0.0,,0.03,0.000702,,,-0.026,-0.000702,,
Kepler-450,3,Kepler-450 d,Transit,0,1.19,7.51464,0.14,,0.197747,0.00023,0.24,,-0.142064,-0.00023,-0.14,
Kepler-350,3,Kepler-350 d,Transit,0,1.0,26.136,0.0,,0.2,,,,-0.12,,,
Kepler-238,5,Kepler-238 f,Transit,0,1.06,50.447,0.0,,0.17,,,,-0.12,,,
Kepler-341,4,Kepler-341 c,Transit,0,0.976,8.01041,0.0,,0.03,4.9e-05,,,-0.029,-4.9e-05,,
Kepler-56,3,Kepler-56 c,Transit,0,1.32,21.40239,0.0,235.5846474,0.13,0.00059,0.01,8.781297349,-0.13,-0.00062,-0.01,-8.781297349
Kepler-56,3,Kepler-56 b,Transit,0,1.32,10.5016,0.04,30.0,0.13,0.0011,0.01,6.2,-0.13,-0.001,-0.01,-6.2
Kepler-148,3,Kepler-148 c,Transit,0,0.86,4.180043,0.0,,0.038,4e-06,,,-0.044,-4e-06,,
Kepler-226,3,Kepler-226 b,Transit,0,0.904,3.940997,0.0,,0.029,2e-05,,,-0.03,-2e-05,,
Kepler-197,4,Kepler-197 d,Transit,0,0.857,15.677563,0.03,,0.023,9.6e-05,0.2,,-0.019,-9.6e-05,-0.03,
Kepler-306,4,Kepler-306 c,Transit,0,0.75,7.240193,0.0,,0.024,3.2e-05,,,-0.018,-3.2e-05,,
KOI-351,8,KOI-351 e,Transit,0,1.2,91.93913,0.0,,0.1,0.00073,,,-0.1,-0.00073,,
KOI-351,8,KOI-351 c,Transit,0,1.2,8.719375,0.0,,0.1,2.7e-05,,,-0.1,-2.7e-05,,
Kepler-222,3,Kepler-222 c,Transit,0,0.933,10.08881,0.0,,0.019,1.1e-05,,,-0.011,-1.1e-05,,
Kepler-184,3,Kepler-184 d,Transit,0,0.872,29.022358,0.0,,0.024,0.000176,,,-0.028,-0.000176,,
Kepler-11,6,Kepler-11 f,Transit,0,0.961,46.6888,0.013,18.46561699,0.025,0.0027,0.011,12.09651146,-0.025,-0.0032,-0.009,-12.09651146
Kepler-11,6,Kepler-11 e,Transit,0,0.961,31.9996,0.012,7.949322347,0.025,0.0008,0.006,9.680697103,-0.025,-0.0012,-0.006,-9.680697103
Kepler-11,6,Kepler-11 g,Transit,0,0.961,118.3807,0.15,8.826029908,0.025,0.001,,9.039947904,-0.025,-0.0006,,-9.039947904
Kepler-166,3,Kepler-166 c,Transit,0,0.811,34.260281,0.0,,0.025,0.000124,,,-0.03,-0.000124,,
Kepler-275,3,Kepler-275 b,Transit,0,1.189,10.300682,0.0,,0.036,0.000254,,,-0.037,-0.000254,,
Kepler-11,6,Kepler-11 c,Transit,0,0.961,13.0241,0.026,11.14626911,0.025,0.0013,0.063,7.746038318,-0.025,-0.0008,-0.013,-7.746038318
Kepler-279,4,Kepler-279 b,Transit,0,1.2,12.309681,0.0,,0.1,5.1e-05,,,-0.1,-5.1e-05,,
Kepler-286,4,Kepler-286 c,Transit,0,0.83,3.468095,0.0,,0.031,2.3e-05,,,-0.029,-2.3e-05,,
GJ 667 C,5,GJ 667 C c,Radial Velocity,0,0.33,28.14,0.02,3.8,0.02,0.053,0.15,1.5,-0.02,-0.065,-0.02,-1.2
HIP 57274,3,HIP 57274 c,Radial Velocity,0,0.73,32.03,0.05,130.0,0.05,0.02,0.02,3.0,-0.05,-0.02,-0.02,-3.0
Kepler-292,5,Kepler-292 d,Transit,0,0.865,7.055679,0.0,,0.021,4.3e-05,,,-0.029,-4.3e-05,,
GJ 667 C,5,GJ 667 C f,Radial Velocity,1,0.33,39.026,0.03,2.7,0.02,0.194,0.16,1.4,-0.02,-0.211,-0.03,-1.2
Kepler-297,3,Kepler-297 c,Transit,0,0.927,74.920137,0.0,,0.025,0.00012,,,-0.034,-0.00012,,
Kepler-282,4,Kepler-282 d,Transit,0,0.97,24.806,0.0,,0.1,,,,-0.12,,,
Kepler-158,3,Kepler-158 b,Transit,0,0.655,16.709184,0.0,,0.015,6.4e-05,,,-0.015,-6.4e-05,,
Kepler-306,4,Kepler-306 b,Transit,0,0.75,4.646186,0.0,,0.024,2.5e-05,,,-0.018,-2.5e-05,,
Kepler-267,3,Kepler-267 d,Transit,0,0.541571,28.464515,0.0,,0.020592,0.00018,,,-0.020592,-0.00018,,
Kepler-276,3,Kepler-276 c,Transit,0,1.1,31.884,0.0,,0.22,,,,-0.14,,,
Kepler-305,4,Kepler-305 b,Transit,0,0.76,5.487,0.005,,0.13,,0.0035,,-0.06,,-0.0034,
Kepler-338,4,Kepler-338 d,Transit,0,1.105,44.431014,0.03,,0.026,0.000368,0.22,,-0.021,-0.000368,-0.03,
Kepler-126,3,Kepler-126 d,Transit,0,1.108,100.283134,0.02,54.59018723,0.029,0.000255,0.09,23.11478081,-0.029,-0.000255,-0.02,-23.11478081
Kepler-381,3,Kepler-381 c,Transit,0,1.144,13.391635,0.0,,0.032,0.000129,,,-0.033,-0.000129,,
Kepler-249,3,Kepler-249 d,Transit,0,0.510238,15.368459,0.0,,0.020399,7e-05,,,-0.020399,-7e-05,,
Kepler-254,3,Kepler-254 d,Transit,0,0.849,18.746477,0.0,,0.034,0.000121,,,-0.027,-0.000121,,
Kepler-363,3,Kepler-363 d,Transit,0,1.226,11.932125,0.0,,0.031,9.3e-05,,,-0.075,-9.3e-05,,
Kepler-142,3,Kepler-142 d,Transit,0,0.978,41.809118,0.0,,0.035,0.000562,,,-0.031,-0.000562,,
Kepler-286,4,Kepler-286 d,Transit,0,0.83,5.914323,0.0,,0.031,5.4e-05,,,-0.029,-5.4e-05,,
HD 176986,3,HD 176986 d,Radial Velocity,0,0.789,61.376,,6.76,0.019,0.051,,0.91,-0.019,-0.049,,-0.92
Kepler-354,3,Kepler-354 b,Transit,0,0.652,5.47666,0.0,,0.016,2.4e-05,,,-0.016,-2.4e-05,,
Kepler-104,3,Kepler-104 c,Transit,0,0.818,23.668205,0.0,7.144308046,0.013,5.6e-05,,3.893552245,-0.008,-5.6e-05,,-3.893552245
Kepler-132,4,Kepler-132 d,Transit,0,0.929,18.010199,0.0,,0.035,6.7e-05,,,-0.033,-6.7e-05,,
Kepler-208,4,Kepler-208 c,Transit,0,1.082,7.466623,0.0,,0.03,6.7e-05,,,-0.03,-6.7e-05,,
Kepler-487,3,Kepler-487 c,Transit,0,0.91,38.6519976,0.0,,0.036,0.0002517,,,-0.041,-0.0002517,,
Kepler-372,3,Kepler-372 c,Transit,0,1.202,20.053763,0.0,,0.0082,0.00019,,,-0.0082,-0.00019,,
HD 176986,3,HD 176986 c,Radial Velocity,0,0.789,16.8124,0.111,9.75,0.019,0.0015,0.08,0.65,-0.019,-0.0015,-0.08,-0.64
Kepler-215,4,Kepler-215 c,Transit,0,0.788,14.667108,0.0,,0.018,8.9e-05,,,-0.012,-8.9e-05,,
HD 3167,4,HD 3167 d,Radial Velocity,0,0.837,8.4112,0.12,4.33,0.053,0.0052,,0.45,-0.043,-0.0052,,-0.45
Kepler-319,3,Kepler-319 c,Transit,0,0.933,6.941357,0.0,,0.012,7e-06,,,-0.016,-7e-06,,
Kepler-224,4,Kepler-224 e,Transit,0,0.777,18.643577,0.0,,0.02,8.7e-05,,,-0.022,-8.7e-05,,
Kepler-226,3,Kepler-226 d,Transit,0,0.904,8.109044,0.0,,0.029,9.4e-05,,,-0.03,-9.4e-05,,
Kepler-338,4,Kepler-338 b,Transit,0,1.105,13.726976,0.04,,0.026,5.9e-05,0.27,,-0.021,-5.9e-05,-0.04,
Kepler-351,3,Kepler-351 c,Transit,0,0.81,57.24809,0.0,,0.047,0.000599,,,-0.063,-0.000599,,
Kepler-327,3,Kepler-327 b,Transit,0,0.591913,2.549575,0.0,,0.020356,6e-06,,,-0.020356,-6e-06,,
Kepler-114,3,Kepler-114 b,Transit,0,0.77,5.188549,0.0,,0.02,1.2e-05,,,-0.022,-1.2e-05,,
Kepler-169,5,Kepler-169 c,Transit,0,0.825,6.195469,0.0,,0.007,2.9e-05,,,-0.013,-2.9e-05,,
Kepler-359,3,Kepler-359 c,Transit,0,0.827,57.68802,0.0,,0.03,0.000545,,,-0.029,-0.000545,,
Kepler-244,3,Kepler-244 d,Transit,0,0.933,20.050401,0.0,,0.021,0.00013,,,-0.026,-0.00013,,
Kepler-254,3,Kepler-254 c,Transit,0,0.849,12.412183,0.0,,0.034,8.2e-05,,,-0.027,-8.2e-05,,
Kepler-49,4,Kepler-49 e,Transit,0,0.549,18.596108,0.0,,0.009,7.9e-05,,,-0.009,-7.9e-05,,
Kepler-122,5,Kepler-122 d,Transit,0,0.982,21.587475,0.0,,0.028,0.000164,,,-0.029,-0.000164,,
HD 27894,3,HD 27894 c,Radial Velocity,0,0.8,36.07,0.015,51.48846,,0.26,0.02,3.49613,,-0.09,-0.002,-12.7132
Kepler-171,3,Kepler-171 c,Transit,0,0.978,11.463462,0.0,,0.029,2.6e-05,,,-0.031,-2.6e-05,,
Kepler-281,3,Kepler-281 b,Transit,0,0.95,14.646008,0.0,,0.058,0.000139,,,-0.057,-0.000139,,
Kepler-288,3,Kepler-288 b,Transit,0,0.842,6.097326,0.0,,0.022,6.4e-05,,,-0.015,-6.4e-05,,
Kepler-394,3,Kepler-394 b,Transit,0,0.87,8.005013,0.0,,0.03,9e-05,,,-0.027,-9e-05,,
Kepler-148,3,Kepler-148 b,Transit,0,0.86,1.729366,0.0,,0.038,4e-06,,,-0.044,-4e-06,,
Kepler-178,3,Kepler-178 c,Transit,0,0.852,20.552802,0.0,,0.03,6.6e-05,,,-0.026,-6.6e-05,,
Kepler-342,4,Kepler-342 b,Transit,0,1.213,15.170318,0.0,,0.031,5.9e-05,,,-0.018,-5.9e-05,,
Kepler-334,3,Kepler-334 c,Transit,0,1.022,12.758005,0.0,,0.0235,5.5e-05,,,-0.0235,-5.5e-05,,
Kepler-298,3,Kepler-298 c,Transit,0,0.66,22.92881,0.0,,0.015,0.00038,,,-0.015,-0.00038,,
Kepler-191,3,Kepler-191 c,Transit,0,0.857,17.738506,0.0,,0.015,8.2e-05,,,-0.014,-8.2e-05,,
HD 10180,6,HD 10180 f,Radial Velocity,0,1.06,122.744,0.119,22.947326,0.05,0.232,0.054,1.493801,-0.05,-0.232,-0.054,-1.493801
Kepler-207,3,Kepler-207 c,Transit,0,1.313,3.071571,0.0,,0.025,1.6e-05,,,-0.028,-1.6e-05,,
Kepler-224,4,Kepler-224 b,Transit,0,0.777,3.132924,0.0,,0.02,1.4e-05,,,-0.022,-1.4e-05,,
Kepler-299,4,Kepler-299 d,Transit,0,1.004,15.054786,0.0,,0.032,0.000189,,,-0.035,-0.000189,,
Kepler-228,3,Kepler-228 b,Transit,0,1.006,2.566546,0.0,,0.035,2.6e-05,,,-0.033,-2.6e-05,,
Kepler-238,5,Kepler-238 c,Transit,0,1.229,6.155557,0.0,,0.035,5e-05,,,-0.062,-5e-05,,
Kepler-324,4,Kepler-324 c,Transit,0,0.901,51.805612,0.0,,0.017,0.000314,,,-0.027,-0.000314,,
Kepler-126,3,Kepler-126 b,Transit,0,1.108,10.495711,0.07,4.117261054,0.029,2.8e-05,0.1,7.118595616,-0.029,-2.8e-05,-0.07,-7.118595616
Kepler-198,3,Kepler-198 c,Transit,0,0.995,49.567416,0.0,,0.008,0.00022,,,-0.023,-0.00022,,
Kepler-398,3,Kepler-398 b,Transit,0,0.649,4.081423,0.0,,0.015,1.1e-05,,,-0.015,-1.1e-05,,
Kepler-244,3,Kepler-244 c,Transit,0,0.933,9.767292,0.0,,0.021,4.6e-05,,,-0.026,-4.6e-05,,
Kepler-247,3,Kepler-247 b,Transit,0,0.887,3.33616,0.0,,0.016,7e-06,,,-0.022,-7e-06,,
Kepler-301,3,Kepler-301 d,Transit,0,1.022,13.751243,0.0,,0.021,8.1e-05,,,-0.029,-8.1e-05,,
Kepler-301,3,Kepler-301 c,Transit,0,1.022,5.419026,0.0,,0.021,3.2e-05,,,-0.029,-3.2e-05,,
Kepler-342,4,Kepler-342 d,Transit,0,1.213,39.459357,0.0,,0.031,0.000375,,,-0.018,-0.000375,,
Kepler-191,3,Kepler-191 b,Transit,0,0.857,9.939632,0.0,,0.015,6.6e-05,,,-0.014,-6.6e-05,,
Kepler-194,3,Kepler-194 d,Transit,0,0.94,52.814973,0.0,,0.034,0.000481,,,-0.034,-0.000481,,
Kepler-208,4,Kepler-208 e,Transit,0,1.082,16.259458,0.0,,0.03,0.000176,,,-0.03,-0.000176,,
Kepler-304,4,Kepler-304 d,Transit,0,0.737,9.653471,0.0,,0.005,1.5e-05,,,-0.013,-1.5e-05,,
Kepler-304,4,Kepler-304 c,Transit,0,0.737,5.315946,0.0,,0.005,7e-06,,,-0.013,-7e-06,,
Kepler-81,3,Kepler-81 d,Transit,0,0.648,20.837846,0.0,,0.028,0.000181,,,-0.028,-0.000181,,
Kepler-197,4,Kepler-197 e,Transit,0,0.857,25.209715,0.38,,0.023,0.000387,0.25,,-0.019,-0.000387,-0.17,
Kepler-350,3,Kepler-350 b,Transit,0,1.19,11.189562,0.0,,0.117,0.000119,,,-0.075,-0.000119,,
Kepler-306,4,Kepler-306 e,Transit,0,0.75,44.840975,0.0,,0.024,0.000439,,,-0.018,-0.000439,,
Kepler-84,5,Kepler-84 e,Transit,0,1.06,27.434389,0.0,,0.057,0.000224,,,-0.06,-0.000224,,
Kepler-265,4,Kepler-265 e,Transit,0,0.97,67.831024,0.0,,0.029,0.001396,,,-0.034,-0.001396,,
Kepler-217,3,Kepler-217 c,Transit,0,1.342,8.586004,0.0,,0.023,5.3e-05,,,-0.024,-5.3e-05,,
Kepler-220,4,Kepler-220 d,Transit,0,0.729,28.122397,0.0,,0.0185,0.000162,,,-0.0185,-0.000162,,
Kepler-351,3,Kepler-351 b,Transit,0,0.81,37.054919,0.0,,0.047,0.000484,,,-0.063,-0.000484,,
Kepler-352,3,Kepler-352 b,Transit,0,0.798,10.05537,0.0,,0.01,0.000194,,,-0.02,-0.000194,,
Kepler-84,5,Kepler-84 d,Transit,0,1.06,4.224537,0.0,,0.057,4.2e-05,,,-0.06,-4.2e-05,,
Kepler-310,3,Kepler-310 d,Transit,0,0.854,92.876125,0.0,,0.034,0.000785,,,-0.032,-0.000785,,
Kepler-282,4,Kepler-282 b,Transit,0,0.86,9.220524,0.0,,0.017,0.000341,,,-0.013,-0.000341,,
Kepler-282,4,Kepler-282 c,Transit,0,0.86,13.638723,0.0,,0.017,0.000491,,,-0.013,-0.000491,,
Kepler-220,4,Kepler-220 e,Transit,0,0.729,45.902733,0.0,,0.0185,0.000192,,,-0.0185,-0.000192,,
Kepler-154,5,Kepler-154 c,Transit,0,0.933,62.303276,0.0,,0.032,0.000406,,,-0.03,-0.000406,,
Kepler-85,4,Kepler-85 e,Transit,0,0.947,25.216751,0.0,,0.016,0.000718,,,-0.017,-0.000718,,
Kepler-55,5,Kepler-55 e,Transit,0,0.631,4.617534,0.0,,0.016,2.1e-05,,,-0.016,-2.1e-05,,
Kepler-310,3,Kepler-310 b,Transit,0,0.854,13.930698,0.0,,0.034,0.000108,,,-0.032,-0.000108,,
Kepler-286,4,Kepler-286 e,Transit,0,0.83,29.221289,0.0,,0.031,0.00037,,,-0.029,-0.00037,,
Kepler-354,3,Kepler-354 d,Transit,0,0.652,24.209842,0.0,,0.016,0.000403,,,-0.016,-0.000403,,
Kepler-142,3,Kepler-142 b,Transit,0,0.978,2.024152,0.0,,0.035,3e-06,,,-0.031,-3e-06,,
Kepler-487,3,Kepler-487 b,Transit,0,0.91,15.358768403,0.0,,0.036,2.214e-06,,,-0.041,-2.214e-06,,
Kepler-58,4,Kepler-58 d,Transit,0,1.024,40.101371,0.0,,0.024,0.000612,,,-0.027,-0.000612,,
Kepler-299,4,Kepler-299 e,Transit,0,1.004,38.285489,0.0,,0.032,0.001428,,,-0.035,-0.001428,,
Kepler-372,3,Kepler-372 b,Transit,0,1.202,6.849692,0.0,,0.0082,0.000134,,,-0.0082,-0.000134,,
Kepler-357,3,Kepler-357 c,Transit,0,0.794,16.85837,0.0,,0.012,8.1e-05,,,-0.021,-8.1e-05,,
Kepler-124,3,Kepler-124 b,Transit,0,0.706,3.410493,0.0,,0.01,2.1e-05,,,-0.006,-2.1e-05,,
Kepler-235,4,Kepler-235 b,Transit,0,0.581,3.340222,0.0,,0.018,5e-06,,,-0.018,-5e-06,,
Kepler-363,3,Kepler-363 b,Transit,0,1.226,3.614568,0.0,,0.031,5.3e-05,,,-0.075,-5.3e-05,,
Kepler-319,3,Kepler-319 d,Transit,0,0.933,31.781925,0.0,,0.012,0.000105,,,-0.016,-0.000105,,
Kepler-319,3,Kepler-319 b,Transit,0,0.933,4.362705,0.0,,0.012,9e-06,,,-0.016,-9e-06,,
Kepler-398,3,Kepler-398 c,Transit,0,0.649,11.419412,0.0,,0.015,4.7e-05,,,-0.015,-4.7e-05,,
Kepler-399,3,Kepler-399 b,Transit,0,0.902,14.425281,0.0,,0.065,0.000144,,,-0.033,-0.000144,,
Kepler-198,3,Kepler-198 b,Transit,0,0.995,17.790037,0.0,,0.008,3.5e-05,,,-0.023,-3.5e-05,,
Kepler-372,3,Kepler-372 d,Transit,0,1.202,30.092568,0.0,,0.0082,0.00068,,,-0.0082,-0.00068,,
Kepler-250,3,Kepler-250 b,Transit,0,0.806,4.148141,0.0,,0.02,4.6e-05,,,-0.029,-4.6e-05,,
Kepler-326,3,Kepler-326 b,Transit,0,0.91,2.248329,0.0,,0.011,4e-06,,,-0.01,-4e-06,,
Kepler-325,3,Kepler-325 c,Transit,0,0.914,12.762172,0.0,,0.014,6.4e-05,,,-0.016,-6.4e-05,,
Kepler-46,3,Kepler-46 d,Transit,0,0.883,6.766589,0.0,,0.02,2.2e-05,,,-0.025,-2.2e-05,,
Kepler-142,3,Kepler-142 c,Transit,0,0.978,4.761702,0.0,,0.035,5e-06,,,-0.031,-5e-06,,
Kepler-374,3,Kepler-374 d,Transit,0,1.033,5.028219,0.0,,0.033,4e-05,,,-0.029,-4e-05,,
Kepler-256,4,Kepler-256 b,Transit,0,1.037,1.620493,0.0,,0.024,9e-06,,,-0.028,-9e-06,,
Kepler-327,3,Kepler-327 d,Transit,0,0.591913,13.969457,0.0,,0.020356,3.1e-05,,,-0.020356,-3.1e-05,,
Kepler-403,3,Kepler-403 c,Transit,0,1.299,54.280749,0.0,,0.0505,0.000562,,,-0.0505,-0.000562,,
Kepler-250,3,Kepler-250 d,Transit,0,0.806,17.648312,0.0,,0.02,8.1e-05,,,-0.029,-8.1e-05,,
Kepler-130,3,Kepler-130 d,Transit,0,0.927,87.517905,0.8,,0.0265,0.000744,0.09,,-0.0265,-0.000744,-0.4,
Kepler-255,3,Kepler-255 b,Transit,0,0.867,5.714606,0.0,,0.064,5.2e-05,,,-0.032,-5.2e-05,,
Kepler-381,3,Kepler-381 b,Transit,0,1.144,5.629021,0.0,,0.032,2.8e-05,,,-0.033,-2.8e-05,,
Kepler-331,3,Kepler-331 d,Transit,0,0.653,32.134328,0.0,,0.014,0.000216,,,-0.014,-0.000216,,
TOI-5789,4,TOI-5789 e,Radial Velocity,0,0.821,62.98,0.071,11.61,0.032,0.22,,0.97,-0.027,-0.22,,-0.97
Kepler-256,4,Kepler-256 d,Transit,0,1.037,5.839172,0.0,,0.024,3.1e-05,,,-0.028,-3.1e-05,,
Kepler-334,3,Kepler-334 d,Transit,0,1.022,25.09849,0.0,,0.0235,0.000142,,,-0.0235,-0.000142,,
Kepler-336,3,Kepler-336 b,Transit,0,1.09,2.024823,0.0,,0.059,1.7e-05,,,-0.042,-1.7e-05,,
Kepler-149,3,Kepler-149 c,Transit,0,1.013,55.328328,0.0,,0.031,0.001946,,,-0.033,-0.001946,,
Kepler-292,5,Kepler-292 c,Transit,0,0.865,3.715335,0.0,,0.021,3.3e-05,,,-0.029,-3.3e-05,,
Kepler-338,4,Kepler-338 c,Transit,0,1.105,24.310856,0.03,,0.026,0.000158,0.24,,-0.021,-0.000158,-0.03,
Kepler-164,4,Kepler-164 b,Transit,0,1.036,5.03503,0.0,,0.031,2.7e-05,,,-0.034,-2.7e-05,,
Kepler-169,5,Kepler-169 f,Transit,0,0.825,87.090195,0.0,,0.007,0.000406,,,-0.013,-0.000406,,
Kepler-265,4,Kepler-265 b,Transit,0,0.97,6.846262,0.0,,0.029,6.3e-05,,,-0.034,-6.3e-05,,
Kepler-298,3,Kepler-298 d,Transit,0,0.66,77.473633,0.0,,0.015,0.000615,,,-0.015,-0.000615,,
Kepler-339,3,Kepler-339 c,Transit,0,0.87,6.988055,0.0,,0.01,5.3e-05,,,-0.012,-5.3e-05,,
Kepler-339,3,Kepler-339 d,Transit,0,0.87,10.558345,0.0,,0.01,8.1e-05,,,-0.012,-8.1e-05,,
Kepler-171,3,Kepler-171 d,Transit,0,0.978,39.595519,0.0,,0.029,0.000699,,,-0.031,-0.000699,,
Kepler-174,3,Kepler-174 d,Transit,0,0.602,247.35373,0.0,,0.019,0.002001,,,-0.019,-0.002001,,
Kepler-272,3,Kepler-272 d,Transit,0,0.91,10.937304,0.0,,0.014,7.3e-05,,,-0.011,-7.3e-05,,
Kepler-206,3,Kepler-206 d,Transit,0,0.957,23.44281,0.0,,0.033,0.000453,,,-0.03,-0.000453,,
Kepler-122,5,Kepler-122 c,Transit,0,0.982,12.465988,0.0,,0.028,9e-06,,,-0.029,-9e-06,,
Kepler-251,4,Kepler-251 c,Transit,0,0.891,16.514043,0.0,,0.019,5.4e-05,,,-0.027,-5.4e-05,,
Kepler-158,3,Kepler-158 c,Transit,0,0.655,28.551383,0.0,,0.015,0.00014,,,-0.015,-0.00014,,
Kepler-347,3,Kepler-347 c,Transit,0,0.922,27.320871,0.0,,0.022,0.000457,,,-0.021,-0.000457,,
Kepler-253,3,Kepler-253 c,Transit,0,0.86,10.281951,0.0,,0.023,3.2e-05,,,-0.028,-3.2e-05,,
Kepler-192,3,Kepler-192 b,Transit,0,1.028,9.926746,0.0,,0.034,1.8e-05,,,-0.032,-1.8e-05,,
Kepler-196,3,Kepler-196 c,Transit,0,0.839,47.427737,0.0,,0.017,0.000223,,,-0.023,-0.000223,,
Kepler-245,4,Kepler-245 d,Transit,0,0.856,36.277108,0.0,,0.02,0.000173,,,-0.026,-0.000173,,
Kepler-154,5,Kepler-154 b,Transit,0,0.933,33.040532,0.0,,0.032,0.000215,,,-0.03,-0.000215,,
Kepler-359,3,Kepler-359 d,Transit,0,0.827,77.095691,0.0,,0.03,0.001453,,,-0.029,-0.001453,,
Kepler-256,4,Kepler-256 c,Transit,0,1.037,3.38802,0.0,,0.024,1.6e-05,,,-0.028,-1.6e-05,,
Kepler-254,3,Kepler-254 b,Transit,0,0.849,5.826662,0.0,,0.034,1e-05,,,-0.027,-1e-05,,
Kepler-184,3,Kepler-184 c,Transit,0,0.872,20.303005,0.0,,0.024,8.7e-05,,,-0.028,-8.7e-05,,
KIC 10001893,3,KIC 10001893 b,Orbital Brightness Modulation,1,0.47,0.2197,,,0.03,,,,-0.03,,,
KIC 10001893,3,KIC 10001893 c,Orbital Brightness Modulation,1,0.47,0.32528,,,0.03,,,,-0.03,,,
Kepler-172,4,Kepler-172 b,Transit,0,1.081,2.940309,0.0,,0.027,7e-06,,,-0.034,-7e-06,,
Kepler-257,3,Kepler-257 c,Transit,0,0.916,6.581484,0.0,,0.017,8e-06,,,-0.017,-8e-06,,
Kepler-217,3,Kepler-217 b,Transit,0,1.342,5.374943,0.0,,0.023,1.9e-05,,,-0.024,-1.9e-05,,
Kepler-174,3,Kepler-174 c,Transit,0,0.602,44.000529,0.0,,0.019,0.000265,,,-0.019,-0.000265,,
Kepler-251,4,Kepler-251 d,Transit,0,0.891,30.133001,0.0,,0.019,0.000161,,,-0.027,-0.000161,,
TOI-561,4,TOI-561 e,Transit,1,0.806,77.144,0.074,,0.036,0.00027,0.044,,-0.036,-0.00027,-0.039,
TOI-1749,3,TOI-1749 b,Transit,0,0.58,2.38839,0.14,,0.03,0.00031,,,-0.03,-0.00066,,
KIC 10001893,3,KIC 10001893 d,Orbital Brightness Modulation,1,0.47,0.81161,,,0.03,,,,-0.03,,,
Kepler-218,3,Kepler-218 c,Transit,0,1.019,44.699576,0.0,,0.021,0.000167,,,-0.021,-0.000167,,
Kepler-253,3,Kepler-253 d,Transit,0,0.86,18.119869,0.0,,0.023,6.6e-05,,,-0.028,-6.6e-05,,
Kepler-192,3,Kepler-192 c,Transit,0,1.028,21.2234,0.0,,0.034,7.6e-05,,,-0.032,-7.6e-05,,
Kepler-220,4,Kepler-220 c,Transit,0,0.729,9.034199,0.0,,0.0185,9e-06,,,-0.0185,-9e-06,,
Kepler-487,3,Kepler-487 d,Transit,0,0.874,2.418390036,0.0,,0.055,,,,-0.046,,,
K2-266,4,K2-266 c,Transit,0,0.686,7.814,0.042,,0.033,0.0019,0.043,,-0.033,-0.0016,-0.03,
HD 110067,6,HD 110067 g,Transit,0,0.798,54.76992,,,0.042,0.0002,,,-0.042,-0.0002,,
Kepler-196,3,Kepler-196 b,Transit,0,0.839,20.739886,0.0,,0.017,6.6e-05,,,-0.023,-6.6e-05,,
Kepler-221,4,Kepler-221 c,Transit,0,0.854,5.690586,0.0,,0.012,4e-06,,,-0.016,-4e-06,,
TOI-1246,4,TOI-1246 c,Transit,0,0.8889,5.904137,0.0,,0.0303,1.4e-05,,,-0.0302,-1.4e-05,,
Kepler-207,3,Kepler-207 d,Transit,0,1.313,5.868075,0.0,,0.025,9e-06,,,-0.028,-9e-06,,
Kepler-245,4,Kepler-245 b,Transit,0,0.856,7.49019,0.0,,0.02,1.9e-05,,,-0.026,-1.9e-05,,
Kepler-208,4,Kepler-208 b,Transit,0,1.082,4.22864,0.0,,0.03,1.8e-05,,,-0.03,-1.8e-05,,
Kepler-226,3,Kepler-226 c,Transit,0,0.904,5.349555,0.0,,0.029,1.4e-05,,,-0.03,-1.4e-05,,
Kepler-48,5,Kepler-48 d,Transit,0,0.88,42.8961,0.0,8.890850393,0.06,,,5.651885235,-0.06,,,-5.651885235
Kepler-247,3,Kepler-247 c,Transit,0,0.887,9.439452,0.0,,0.016,7e-06,,,-0.022,-7e-06,,
Kepler-106,4,Kepler-106 b,Transit,0,1.0,6.16486,0.0,,0.06,,,,-0.06,,,
Kepler-100,4,Kepler-100 d,Transit,0,1.08,35.3331,0.38,1.773084002,0.06,,0.12,1.890590968,-0.06,,-0.16,-1.890590968
Kepler-228,3,Kepler-228 d,Transit,0,1.006,11.094286,0.0,,0.035,3.6e-05,,,-0.033,-3.6e-05,,
HD 27894,3,HD 27894 d,Radial Velocity,0,0.81,5019.54244,0.343,1721.04945,0.096,32.59359,0.031,75.96137,-0.096,-31.12557,-0.026,-385.84562
Kepler-166,3,Kepler-166 b,Transit,0,0.811,7.650254,0.0,,0.025,1.2e-05,,,-0.03,-1.2e-05,,
Kepler-106,4,Kepler-106 d,Transit,0,1.0,23.9802,0.0,,0.06,,,,-0.06,,,
Kepler-169,5,Kepler-169 e,Transit,0,0.825,13.767102,0.0,,0.007,3.4e-05,,,-0.013,-3.4e-05,,
Kepler-249,3,Kepler-249 c,Transit,0,0.510238,7.113702,0.0,,0.020399,1.8e-05,,,-0.020399,-1.8e-05,,
Kepler-174,3,Kepler-174 b,Transit,0,0.602,13.98179,0.0,,0.019,2.4e-05,,,-0.019,-2.4e-05,,
Kepler-197,4,Kepler-197 c,Transit,0,0.857,10.349695,0.08,,0.023,4.5e-05,0.21,,-0.019,-4.5e-05,-0.08,
Kepler-332,3,Kepler-332 d,Transit,0,0.743,34.21154,0.0,,0.014,0.000326,,,-0.025,-0.000326,,
Kepler-10,3,Kepler-10 b,Transit,0,0.91,0.8374907,0.0,3.657838386,0.021,2e-07,,0.4310886639,-0.021,-2e-07,,-0.4310886639
GJ 367,3,GJ 367 d,Radial Velocity,0,0.455,34.369,0.14,6.03,0.011,0.073,0.09,0.49,-0.011,-0.073,-0.09,-0.49
HD 215152,4,HD 215152 c,Radial Velocity,0,0.77,7.28243,0.0,1.72,0.015,0.00451,,0.618,-0.015,-0.00827,,-0.725
TOI-1266,3,TOI-1266 d,Transit Timing Variations,0,0.437,32.509,0.087,4.59,0.021,0.062,,0.96,-0.021,-0.049,,-0.94
KOI-7892,3,KIC 8540376 b,Transit,0,1.04,31.8099,,,0.2,0.00919,,,-0.2,-0.00933,,
KOI-7892,3,KIC 8540376 c,Transit,0,1.04,75.2,,,0.2,38.9,,,-0.2,-1.1,,
Kepler-186,5,Kepler-186 f,Transit,1,0.544,129.9441,0.04,,0.024,0.0013,0.07,,-0.021,-0.0012,-0.04,
K2-155,3,K2-155 c,Transit,0,0.65,13.85,,,0.06,0.006,,,-0.03,-0.006,,
K2-19,3,K2-19 d,Transit,0,0.892,2.50827,0.44,,0.034,0.00027,,,-0.034,-0.00014,,
GJ 357,3,GJ 357 c,Radial Velocity,0,0.342,9.1247,,3.4,0.011,0.0011,,0.46,-0.011,-0.001,,-0.46
WASP-132,3,WASP-132 d,Radial Velocity,0,0.789,1816.6,0.12,1639.99458012,0.039,44.4,0.078,165.27077164,-0.039,-44.4,-0.078,-165.27077164
K2-285,4,K2-285 c,Transit,0,0.83,7.138048,0.0,,0.023,7.2e-05,,,-0.023,-6.3e-05,,
Kepler-296,5,Kepler-296 c,Transit,0,0.498,5.8416366,0.33,,0.067,1e-05,,,-0.087,-1e-05,,
Kepler-79,4,Kepler-79 e,Transit,0,1.165,81.0659,0.012,,0.044,0.0013,0.044,,-0.045,-0.0011,-0.005,
Kepler-79,4,Kepler-79 c,Transit,0,1.165,27.4029,0.03,,0.044,0.0008,0.027,,-0.045,-0.0006,-0.021,
Kepler-296,5,Kepler-296 d,Transit,0,0.498,19.850291,0.33,,0.067,6.1e-05,,,-0.087,-5.7e-05,,
Kepler-79,4,Kepler-79 b,Transit,0,1.165,13.4845,0.015,,0.044,0.0002,0.012,,-0.045,-0.0002,-0.006,
Kepler-296,5,Kepler-296 e,Transit,0,0.498,34.14211,0.33,,0.067,0.00025,,,-0.087,-0.00025,,
Kepler-296,5,Kepler-296 f,Transit,0,0.498,63.33627,0.33,,0.067,0.0006,,,-0.087,-0.00062,,
Kepler-10,3,Kepler-10 c,Transit,0,0.91,45.294301,0.136,12.07050821,0.021,4.8e-05,0.05,2.588646951,-0.021,-4.8e-05,-0.05,-2.588646951
HIP 41378,6,HIP 41378 e,Transit,0,1.16,369.0,,,0.04,10.0,,,-0.04,-10.0,,
HD 110067,6,HD 110067 b,Transit,0,0.798,9.113678,,,0.042,1e-05,,,-0.042,-1e-05,,
Kepler-445,3,Kepler-445 d,Transit,0,0.18,8.15275,0.0,,0.04,0.0004,,,-0.04,-0.0004,,
Kepler-445,3,Kepler-445 c,Transit,0,0.18,4.871229,0.0,,0.04,1.1e-05,,,-0.04,-1.1e-05,,
TOI-2141,3,TOI-2141 d,Radial Velocity,0,0.896,60.45,,14.9,0.059,0.24,,2.1,-0.051,-0.25,,-2.1
HD 158259,5,HD 158259 c,Radial Velocity,0,1.08,3.432,,5.6,0.1,0.0003,,0.6,-0.1,-0.00016,,-0.59
HR 858,3,HR 858 b,Transit,0,1.204,3.585287,0.0,,0.052,9e-06,,,-0.052,-1.2e-05,,
Kepler-445,3,Kepler-445 b,Transit,0,0.18,2.984151,0.0,,0.04,1.1e-05,,,-0.04,-1.1e-05,,
Kepler-446,3,Kepler-446 d,Transit,0,0.22,5.148921,0.0,,0.05,2.2e-05,,,-0.05,-2.2e-05,,
K2-133,4,K2-133 c,Transit,0,0.461,4.86784,,,0.011,0.00012,,,-0.011,-0.00012,,
HIP 41378,6,HIP 41378 f,Transit,0,1.16,542.07975,,,0.04,0.00014,,,-0.04,-0.00014,,
TOI-1136,6,TOI-1136 e,Transit,0,1.022,18.801,0.0425,,0.027,0.001,0.004,,-0.027,-0.001,-0.004,
TOI-431,3,TOI-431 d,Transit,0,0.78,12.46103,0.0,,0.07,2e-05,,,-0.07,-2e-05,,
K2-138,6,K2-138 b,Transit,0,0.935,2.35309,0.048,,0.019,0.00022,0.054,,-0.023,-0.00022,-0.033,
Kepler-431,3,Kepler-431 d,Transit,0,1.071,11.922,0.0,,0.059,,,,-0.037,,,
Kepler-431,3,Kepler-431 c,Transit,0,1.071,8.703,0.0,,0.059,,,,-0.037,,,
Kepler-444,5,Kepler-444 b,Transit,0,0.758,3.6001053,0.16,,0.043,8.3e-06,0.21,,-0.043,-8e-06,-0.1,
Kepler-444,5,Kepler-444 c,Transit,0,0.758,4.5458841,0.31,,0.043,7e-06,0.12,,-0.043,-7.1e-06,-0.15,
TOI-4010,4,TOI-4010 d,Transit,0,0.88,14.70886,0.07,,0.03,3e-05,0.03,,-0.03,-3e-05,-0.03,
HD 40307,5,HD 40307 d,Radial Velocity,0,0.77,20.432,0.07,9.5,0.05,0.022,0.11,1.7,-0.05,-0.024,-0.07,-1.5
Kepler-25,3,Kepler-25 d,Radial Velocity,0,1.165,122.4,0.13,71.82958,0.027,0.8,0.13,9.85273,-0.029,-0.71,-0.09,-9.85273
HD 40307,5,HD 40307 f,Radial Velocity,0,0.77,51.76,0.02,5.2,0.05,0.5,0.2,1.5,-0.05,-0.46,-0.02,-1.6
Kepler-444,5,Kepler-444 e,Transit,0,0.758,7.743493,0.1,,0.043,1.7e-05,0.2,,-0.043,-1.6e-05,-0.07,
Kepler-444,5,Kepler-444 d,Transit,0,0.758,6.189392,0.18,,0.043,1.2e-05,0.16,,-0.043,-1.2e-05,-0.12,
Kepler-444,5,Kepler-444 f,Transit,0,0.758,9.740486,0.29,,0.043,1.3e-05,0.2,,-0.043,-1.3e-05,-0.19,
HIP 41378,6,HIP 41378 b,Transit,0,1.16,15.57208,,,0.04,2e-05,,,-0.04,-2e-05,,
K2-133,4,K2-133 d,Transit,0,0.461,11.02454,,,0.011,0.00036,,,-0.011,-0.00035,,
K2-165,3,K2-165 b,Transit,0,0.834847,2.354992,,,0.030908,0.000246,,,-0.030246,-0.000261,,
Kepler-37,4,Kepler-37 d,Transit,0,0.79,39.7922622,0.1,,0.033,6.5e-06,,,-0.03,-6.5e-06,,
Kepler-104,3,Kepler-104 b,Transit,0,0.818,11.427548,0.0,9.945429807,0.013,1.5e-05,,2.816832222,-0.008,-1.5e-05,,-2.816832222
Kepler-20,6,Kepler-20 e,Transit,0,0.929,6.0984882,0.092,,0.053,9.9e-06,,,-0.053,-9.9e-06,,
TOI-1136,6,TOI-1136 f,Transit,0,1.022,26.321,0.001,,0.027,0.001,0.001,,-0.027,-0.001,-0.001,
Kepler-1130,3,Kepler-1130 b,Transit,0,0.9,5.45298175,0.0,,0.018,1.294e-05,,,-0.024,-1.294e-05,,
WASP-132,3,WASP-132 c,Transit,0,0.789,1.01153624,0.0,,0.039,9.3e-07,,,-0.039,-8.6e-07,,
HD 181433,3,HD 181433 b,Radial Velocity,0,0.86,9.3745,0.396,7.22,0.06,0.00025,0.015,0.44,-0.06,-0.00038,-0.024,-0.45
DMPP-1,4,DMPP-1 e,Radial Velocity,0,1.21,5.516,0.07,4.13,0.03,0.002,,0.66,-0.03,-0.004,,-1.14
HD 28471,3,HD 28471 b,Radial Velocity,0,0.98,3.1649,0.195,3.72,0.044,0.0002,0.061,0.4,-0.044,-0.0003,-0.073,-0.43
WASP-132,3,WASP-132 b,Transit,0,0.789,7.1335164,0.0163,,0.039,1.9e-06,0.0067,,-0.039,-1.9e-06,-0.0069,
Kepler-60,3,Kepler-60 c,Transit,0,1.041,8.9187,0.039,,0.077,0.0002,0.002,,-0.077,-0.0002,-0.0027,
GJ 9827,3,GJ 9827 d,Transit,0,0.62,6.20183,0.0,5.2,0.04,3e-06,,1.8,-0.04,-3e-06,,-1.2
K2-32,4,K2-32 e,Transit,0,0.83,4.34934,0.043,,0.02,0.00039,0.048,,-0.02,-0.00039,-0.03,
Kepler-411,4,Kepler-411 b,Transit,0,0.87,3.005156,0.146,,0.039,2e-06,0.005,,-0.039,-2e-06,-0.004,
Kepler-402,4,Kepler-402 d,Transit,0,1.072,8.921099,0.0,,0.036,5.6e-05,,,-0.029,-5.6e-05,,
AU Mic,4,AU Mic c,Transit,0,0.635,18.859023,0.18,,0.04,2.2e-05,0.08,,-0.07,-2.4e-05,-0.07,
AU Mic,4,AU Mic b,Transit,0,0.635,8.463446,0.07,57.2094,0.04,5e-06,0.09,,-0.07,-5e-06,-0.04,
Kepler-150,5,Kepler-150 b,Transit,0,0.956,3.428054,0.0,,0.018,2.6e-05,,,-0.021,-2.6e-05,,
Kepler-129,3,Kepler-129 b,Transit,0,1.178,15.79,0.01,20.0,0.021,,0.24,,-0.03,,-0.01,
TOI-125,3,TOI-125 b,Transit,0,0.859,4.65382,0.194,,0.044,0.00033,0.041,,-0.038,-0.00031,-0.036,
TOI-125,3,TOI-125 c,Transit,0,0.859,9.15059,0.066,,0.044,0.0007,0.07,,-0.038,-0.00082,-0.047,
TOI-125,3,TOI-125 d,Transit,0,0.859,19.98,0.168,,0.044,0.005,0.088,,-0.038,-0.0056,-0.062,
TOI-663,3,TOI-663 b,Transit,0,0.514,2.598902,,,0.012,3.2e-06,,,-0.012,-3e-06,,
Kepler-1321,3,Kepler-1321 b,Transit,0,0.54,11.12830484,0.0,,0.072,2.043e-05,,,-0.036,-2.043e-05,,
HD 10180,6,HD 10180 h,Radial Velocity,0,1.06,2205.0,0.095,65.663678,0.05,105.9,0.086,4.417837,-0.05,-105.9,-0.086,-4.417837
HD 7924,3,HD 7924 b,Radial Velocity,0,0.65,5.39792,0.06,6.3566,0.05,0.00025,0.05,0.0,-0.05,-0.00025,-0.05,0.0
HIP 57274,3,HIP 57274 d,Radial Velocity,0,0.73,431.7,0.27,167.4,0.05,8.5,0.05,8.0,-0.05,-8.5,-0.05,-8.0
HD 215152,4,HD 215152 e,Radial Velocity,0,0.77,25.1967,0.0,2.877,0.015,0.0476,,1.063,-0.015,-0.0505,,-1.481
TOI-1136,6,TOI-1136 g,Transit,0,1.022,39.545,0.04,,0.027,0.002,0.01,,-0.027,-0.002,-0.01,
V1298 Tau,4,V1298 Tau e,Transit,0,1.1,48.677714,0.0124,,0.05,5.3e-05,,,-0.05,-5.3e-05,,
V1298 Tau,4,V1298 Tau c,Transit,0,1.1,8.249164,0.0094,,0.05,3e-06,,,-0.05,-3e-06,,
Kepler-224,4,Kepler-224 c,Transit,0,0.777,5.925003,0.0,,0.02,1e-05,,,-0.022,-1e-05,,
TOI-1749,3,TOI-1749 c,Transit,0,0.58,4.4929,0.019,,0.03,0.0038,,,-0.03,-0.0027,,
TOI-431,3,TOI-431 b,Transit,0,0.78,0.490047,0.0,,0.07,1e-05,,,-0.07,-7e-06,,
Kepler-1987,4,Kepler-1987 c,Transit,0,0.799,3.64830183,0.0,,0.041,1.621e-05,,,-0.081,-1.621e-05,,
HR 858,3,HR 858 d,Transit,0,1.204,11.230511,0.0,,0.052,4.3e-05,,,-0.052,-4.5e-05,,
Kepler-102,5,Kepler-102 c,Transit,0,0.803,7.071392,0.094,,0.021,2.2e-05,,,-0.021,-2.2e-05,,
Kepler-238,5,Kepler-238 b,Transit,0,1.229,2.090876,0.0,,0.035,2e-05,,,-0.062,-2e-05,,
TOI-700,4,TOI-700 c,Transit,0,0.415,16.051137,0.068,,0.021,2e-05,0.07,,-0.02,-2e-05,-0.049,
Kepler-1542,4,Kepler-1542 d,Transit,0,0.94,5.99273738,0.0,,0.032,2.26e-05,,,-0.031,-2.26e-05,,
TOI-1203,4,TOI-1203 e,Radial Velocity,0,0.886,204.59,0.152,42.1,0.036,0.67,0.029,1.83,-0.036,-0.63,-0.029,-1.78
K2-239,3,K2-239 d,Transit,0,0.4,10.115,,,0.01,0.001,,,-0.01,-0.001,,
TRAPPIST-1,7,TRAPPIST-1 b,Transit,0,0.0898,1.510826,0.00622,,0.0023,6e-06,0.00304,,-0.0023,-6e-06,-0.00304,
TRAPPIST-1,7,TRAPPIST-1 c,Transit,0,0.0898,2.421937,0.00654,,0.0023,1.8e-05,0.00188,,-0.0023,-1.8e-05,-0.00188,
TRAPPIST-1,7,TRAPPIST-1 d,Transit,0,0.0898,4.049219,0.00837,,0.0023,2.6e-05,0.00093,,-0.0023,-2.6e-05,-0.00093,
TRAPPIST-1,7,TRAPPIST-1 e,Transit,0,0.0898,6.101013,0.0051,,0.0023,3.5e-05,0.00058,,-0.0023,-3.5e-05,-0.00058,
TRAPPIST-1,7,TRAPPIST-1 f,Transit,0,0.0898,9.20754,0.01007,,0.0023,3.2e-05,0.00068,,-0.0023,-3.2e-05,-0.00068,
TRAPPIST-1,7,TRAPPIST-1 g,Transit,0,0.0898,12.352446,0.00208,,0.0023,5.4e-05,0.00058,,-0.0023,-5.4e-05,-0.00058,
TRAPPIST-1,7,TRAPPIST-1 h,Transit,0,0.0898,18.772866,0.00567,,0.0023,0.000214,0.00121,,-0.0023,-0.000214,-0.00121,
TOI-469,3,HIP 29442 c,Radial Velocity,0,0.901,3.5379559,,,0.043,8.2e-06,,,-0.043,-8.2e-06,,
K2-136,3,K2-136 b,Transit,0,0.742,7.9752,0.14,,0.039,0.00079,0.12,,-0.038,-0.00079,-0.11,
Kepler-80,6,Kepler-80 f,Transit,0,0.73,0.9867873,0.186,,0.03,6e-08,0.083,,-0.03,-6e-08,-0.049,
HD 191939,6,HD 191939 f,Radial Velocity,0,0.81,2898.0,0.0,915.34581216,0.04,152.0,,82.63538582,-0.04,-152.0,,-82.63538582
TOI-1136,6,TOI-1136 d,Transit,0,1.022,12.5199,0.042,,0.027,0.0004,0.004,,-0.027,-0.0004,-0.004,
TOI-500,4,TOI-500 e,Radial Velocity,0,0.74,61.3,0.073,15.05,0.017,0.28,0.068,1.12,-0.017,-0.28,-0.051,-1.11
Kepler-130,3,Kepler-130 b,Transit,0,0.927,8.457458,0.15,,0.0265,3.9e-05,0.14,,-0.0265,-3.9e-05,-0.15,
WASP-47,4,WASP-47 e,Transit,0,1.058,0.78961,0.0,,0.047,3e-05,,,-0.047,-3e-05,,
TOI-500,4,TOI-500 d,Radial Velocity,0,0.74,26.233,0.016,33.12,0.017,0.02,0.017,0.88,-0.017,-0.02,-0.011,-0.88
Kepler-347,3,Kepler-347 b,Transit,0,0.922,12.79836,0.0,,0.022,0.000106,,,-0.021,-0.000106,,
HD 110067,6,HD 110067 d,Transit,0,0.798,20.519617,,,0.042,4e-05,,,-0.042,-4e-05,,
Kepler-68,4,Kepler-68 e,Radial Velocity,0,1.057,3455.0,0.33,86.449326704,0.022,348.0,0.11,10.170509024,-0.02,-169.0,-0.11,-10.170509024
CoRoT-7,3,CoRoT-7 b,Transit,0,0.82,0.85359163,0.0,,0.17,6e-09,,,-0.17,-6e-09,,
HD 34445,6,HD 34445 f,Radial Velocity,0,1.07,676.8,0.031,37.9,0.02,7.9,0.057,6.5,-0.02,-7.9,-0.031,-6.5
TOI-1260,3,TOI-1260 b,Transit,0,0.679,3.127463,0.0,,0.095,5e-06,,,-0.057,-5e-06,,
Kepler-399,3,Kepler-399 c,Transit,0,0.902,26.67569,0.0,,0.065,0.000171,,,-0.033,-0.000171,,
TOI-431,3,TOI-431 c,Radial Velocity,0,0.78,4.8494,0.0,2.83,0.07,0.0003,,0.41,-0.07,-0.0002,,-0.34
TOI-451,3,TOI-451 c,Transit,0,0.93,9.192463,0.0,,0.04,1.7e-05,,,-0.04,-1.7e-05,,
TOI-451,3,TOI-451 d,Transit,0,0.93,16.364962,0.0,,0.04,1.5e-05,,,-0.04,-1.5e-05,,
HD 63433,3,HD 63433 d,Transit,0,0.99,4.209075,0.16,,0.03,1.2e-05,0.36,,-0.03,-2.3e-05,-0.12,
Kepler-289,4,Kepler-289 b,Transit,0,1.08,34.5383,0.0,,0.02,0.0006,,,-0.02,-0.0006,,
KOI-94,4,KOI-94 c,Transit,0,1.277,10.423648,0.43,6.204259261,0.05,1.6e-05,0.23,5.589254716,-0.05,-1.6e-05,-0.23,-5.589254716
XO-2 S,3,XO-2 S b,Radial Velocity,0,0.98,18.157,0.18,82.6358,0.2,0.034,0.04,12.7132,-0.2,-0.034,-0.04,-12.7132
Barnard's star,4,Barnard e,Radial Velocity,0,0.162,6.7392,0.04,0.193,0.007,0.003,0.03,0.033,-0.007,-0.003,-0.04,-0.033
Kepler-385,3,Kepler-385 b,Transit,0,0.992,10.043686,0.0,,0.034,0.000128,,,-0.032,-0.000128,,
Kepler-20,6,Kepler-20 g,Radial Velocity,0,0.948,34.94,0.15,19.96,0.051,0.038,0.01,3.08,-0.051,-0.035,-0.1,-3.61
Kepler-332,3,Kepler-332 b,Transit,0,0.743,7.626324,0.0,,0.014,2.8e-05,,,-0.025,-2.8e-05,,
Kepler-1987,4,Kepler-1987 d,Transit,0,0.799,5.644914154,0.0,,0.041,8.778e-06,,,-0.081,-8.778e-06,,
Kepler-306,4,Kepler-306 d,Transit,0,0.75,17.326644,0.0,,0.024,0.000137,,,-0.018,-0.000137,,
Kepler-79,4,Kepler-79 d,Transit,0,1.165,52.0902,0.025,,0.044,0.0009,0.059,,-0.045,-0.001,-0.023,
Kepler-24,4,Kepler-24 d,Transit,0,1.046,4.244384,0.0,,0.035,5.3e-05,,,-0.034,-5.3e-05,,
Kepler-83,3,Kepler-83 d,Transit,0,0.58,5.169796,0.0,,0.029,1.6e-05,,,-0.031,-1.6e-05,,
HD 141399,4,HD 141399 d,Radial Velocity,0,1.07,1069.8,0.074,375.0394,0.08,6.7,0.025,25.4264,-0.08,-6.7,-0.025,-25.4264
Kepler-54,3,Kepler-54 d,Transit,0,0.518,20.995694,0.0,,0.013,0.000143,,,-0.013,-0.000143,,
YZ Cet,3,YZ Cet d,Radial Velocity,0,0.142,4.65626,0.07,1.09,0.01,0.00028,0.04,0.12,-0.01,-0.00029,-0.05,-0.12
HD 125612,3,HD 125612 b,Radial Velocity,0,1.05,557.69994,0.446,945.221682418,0.131,0.68131,0.011,77.867959715,-0.131,-0.69344,-0.011,-81.999729006
Kepler-968,3,Kepler-968 c,Transit,0,0.76,5.709404918,0.0,,0.026,9.542e-06,,,-0.04,-9.542e-06,,
HD 133131 A,3,HD 133131 A c,Radial Velocity,0,0.95,3568.0,0.49,133.4886,,1084.0,0.22,47.6745,,-1084.0,-0.22,-47.6745
TOI-2141,3,TOI-2141 b,Transit,0,0.896,18.261608,0.21,20.1,0.059,1.9e-05,,1.6,-0.051,-2e-05,,-1.5
Kepler-85,4,Kepler-85 c,Transit,0,0.928,12.51,0.027,,0.044,,0.028,,-0.044,,-0.014,
K2-157,3,K2-157 d,Radial Velocity,0,0.89,66.5,0.5,23.3,0.029,0.71,,2.5,-0.029,-0.59,,-2.5
55 Cnc,7,55 Cnc b,Radial Velocity,0,1.015,14.651552,0.0029,276.0,0.051,3.6e-05,0.0027,9.0,-0.051,-3.6e-05,-0.002,-9.0
47 UMa,3,47 UMa c,Radial Velocity,0,1.06,2391.0,0.098,171.621,0.128402,100.0,0.047,20.976,-0.137608,-87.0,-0.096,-23.201
61 Vir,3,61 Vir d,Radial Velocity,0,0.942,123.01,0.35,22.9,0.034,0.55,0.09,2.6,-0.029,-0.55,-0.09,-2.6
61 Vir,3,61 Vir b,Radial Velocity,0,0.942,4.215,0.12,5.1,0.034,0.0006,0.11,0.5,-0.029,-0.0006,-0.11,-0.5
HD 136352,3,HD 136352 b,Radial Velocity,0,0.87,11.57797,0.0,4.62,0.04,8e-05,,0.45,-0.04,-0.00013,,-0.43
Kepler-549,3,Kepler-549 b,Transit,0,0.88,42.9495649,0.0,,0.039,0.0001543,,,-0.047,-0.0001543,,
HD 160691,4,HD 160691 c,Radial Velocity,0,1.13,3947.0,0.039,719.0,0.02,23.0,0.011,63.0,-0.02,-23.0,-0.011,-48.0
Kepler-19,3,Kepler-19 c,Transit Timing Variations,0,0.936,28.731,0.21,16.58028128,0.04,0.012,0.05,3.472014664,-0.04,-0.005,-0.07,-3.472014664
HD 37124,3,HD 37124 b,Radial Velocity,0,0.85,154.378,0.054,214.53525,,0.089,0.028,5.40311,,-0.089,-0.028,-5.40311
K2-165,3,K2-165 c,Transit,0,0.834847,4.382745,,,0.030908,0.000514,,,-0.030246,-0.000536,,
Kepler-19,3,Kepler-19 d,Radial Velocity,0,0.936,62.95,0.05,,0.04,0.04,0.16,,-0.04,-0.3,-0.01,
K2-198,3,K2-198 b,Transit,0,0.799,17.0428683,,,0.091,7.1e-06,,,-0.045,-3.5e-06,,
Kepler-529,3,Kepler-529 b,Transit,0,1.07,1.980357663,0.0,,0.056,2.315e-06,,,-0.057,-2.315e-06,,
Kepler-357,3,Kepler-357 b,Transit,0,0.794,6.475434,0.0,,0.012,3.4e-05,,,-0.021,-3.4e-05,,
Kepler-23,3,Kepler-23 d,Transit,0,1.078,15.27,0.01,,0.077,,0.014,,-0.077,,-0.008,
Kepler-341,4,Kepler-341 d,Transit,0,0.976,27.666313,0.0,,0.03,0.000297,,,-0.029,-0.000297,,
AU Mic,4,AU Mic e,Radial Velocity,1,0.6,33.11,,35.2,0.04,0.06,,6.7,-0.04,-0.06,,-5.4
Kepler-23,3,Kepler-23 b,Transit,0,1.078,7.1,0.017,,0.077,,0.019,,-0.077,,-0.014,
XO-2 S,3,XO-2 S c,Radial Velocity,0,0.982,120.8,0.1528,435.409,0.054,0.34,0.0094,16.844,-0.054,-0.34,-0.0098,-16.844
K2-155,3,K2-155 b,Transit,0,0.65,6.342,,,0.06,0.002,,,-0.03,-0.002,,
Kepler-603,3,Kepler-603 d,Transit,0,1.01,6.2171292,0.0,,0.063,4.234e-05,,,-0.063,-4.234e-05,,
Kepler-139,5,Kepler-139 b,Transit,0,1.078,15.771044,0.0,5.287898472,0.0255,3.7e-05,,2.105586722,-0.0255,-3.7e-05,,-2.105586722
K2-155,3,K2-155 d,Transit,0,0.65,40.718,,,0.06,0.005,,,-0.03,-0.005,,
Kepler-48,5,Kepler-48 c,Transit,0,0.88,9.67395,0.0,11.09227817,0.06,,,3.273063825,-0.06,,,-3.273063825
55 Cnc,7,55 Cnc d,Radial Velocity,0,1.015,4799.0,0.0913,1214.10451474,0.051,4.9,0.0067,41.31769291,-0.051,-15.0,-0.0067,-41.31769291
HD 160691,4,HD 160691 e,Radial Velocity,0,1.13,307.9,0.0666,156.6,0.02,0.3,0.0122,7.1,-0.02,-0.3,-0.0122,-7.0
ups And,3,ups And c,Radial Velocity,0,1.3,241.258,0.2596,629.595,,0.064,0.0079,6.03852,,-0.064,-0.0079,-6.03852
V1298 Tau,4,V1298 Tau b,Transit,0,1.1,24.140006,0.0079,,0.05,1.7e-05,0.0041,,-0.05,-1.7e-05,-0.0041,
GJ 887,4,GJ 887 c,Radial Velocity,0,0.495,21.784,0.17,6.5,0.049,0.004,0.06,1.0,-0.049,-0.004,-0.06,-0.9
HD 20794,4,HD 20794 f,Radial Velocity,0,0.79,647.6,0.45,5.82,0.01,2.5,0.1,0.57,-0.01,-2.7,-0.11,-0.57
K2-165,3,K2-165 d,Transit,0,0.834847,14.101361,,,0.030908,0.001146,,,-0.030246,-0.001065,,
Kepler-1254,3,Kepler-1254 c,Transit,0,0.78,3.60084276,0.0,,0.039,1.9e-05,,,-0.05,-1.9e-05,,
Kepler-255,3,Kepler-255 c,Transit,0,0.867,9.946047,0.0,,0.064,3.5e-05,,,-0.032,-3.5e-05,,
K2-80,3,K2-80 c,Transit,0,0.9,5.605,,,0.08,0.0011,,,-0.08,-0.0011,,
Kepler-288,3,Kepler-288 d,Transit,0,0.842,56.633742,0.0,,0.022,0.000908,,,-0.015,-0.000908,,
Kepler-49,4,Kepler-49 d,Transit,0,0.549,2.576549,0.0,,0.009,3e-06,,,-0.009,-3e-06,,
KOI-7892,3,Kepler-457 d,Transit,0,1.148,10.6906004,0.0,,0.192,,,,-0.157,,,
TOI-7510,3,TOI-7510 b,Transit,0,1.063,11.530869,0.0572,,0.065,,0.0033,,-0.065,,-0.0033,
Kepler-381,3,Kepler-381 d,Transit,0,1.198,8.256299973,0.0,,0.144,,,,-0.159,,,
Kepler-176,4,Kepler-176 e,Transit,0,0.87,51.16579,0.0,,0.041,0.0006432,,,-0.048,-0.0006432,,
Kepler-194,3,Kepler-194 c,Transit,0,0.94,17.308032,0.0,,0.034,7.9e-05,,,-0.034,-7.9e-05,,
Kepler-374,3,Kepler-374 b,Transit,0,1.033,1.897806,0.0,,0.033,1.1e-05,,,-0.029,-1.1e-05,,
TOI-270,3,TOI-270 b,Transit,0,0.386,3.35992,0.0167,,0.008,5e-05,0.0084,,-0.008,-5e-05,-0.0089,
TOI-270,3,TOI-270 c,Transit,0,0.386,5.66051,0.0044,,0.008,4e-05,0.0005,,-0.008,-4e-05,-0.0006,
TOI-270,3,TOI-270 d,Transit,0,0.386,11.38194,0.0066,,0.008,0.00011,0.002,,-0.008,-0.00011,-0.002,
HD 28109,3,HD 28109 b,Transit,0,1.227,22.891054,0.0071,,0.052,8.5e-05,0.0475,,-0.052,-9e-05,-0.0071,
HD 28109,3,HD 28109 c,Transit,0,1.227,55.99712,0.0039,,0.052,0.00034,0.0041,,-0.052,-0.00037,-0.0037,
HD 28109,3,HD 28109 d,Transit,0,1.227,84.2899,0.0054,,0.052,0.0018,0.0027,,-0.052,-0.0015,-0.0036,
HD 153557,3,HD 153557 b,Radial Velocity,0,0.79,7.29903,0.065,20.341018048,0.091,0.00033,0.053,1.906970442,-0.091,-0.00031,-0.037,-2.224798849
Kepler-324,4,Kepler-324 e,Transit,0,0.844,13.97939968,0.0,,0.049,,,,-0.044,,,
Kepler-194,3,Kepler-194 b,Transit,0,0.94,2.092281,0.0,,0.034,8e-06,,,-0.034,-8e-06,,
Kepler-157,3,Kepler-157 d,Transit,0,1.02,7.02573474,0.0,,0.042,2.388e-05,,,-0.043,-2.388e-05,,
Kepler-763,3,Kepler-763 c,Transit,0,0.8,4.09667624,0.0,,0.048,1.956e-05,,,-0.028,-1.956e-05,,
Kepler-157,3,Kepler-157 c,Transit,0,0.95,13.5405,0.0,,0.032,4.9e-05,,,-0.032,-4.9e-05,,
Kepler-758,4,Kepler-758 e,Transit,0,1.16,8.1934719,0.0,,0.122,0.0001036,,,-0.082,-0.0001036,,
Kepler-1468,3,Kepler-1468 c,Transit,0,1.04,3.54553021,0.0,,0.083,2.273e-05,,,-0.075,-2.273e-05,,
K2-266,4,K2-266 b,Transit,0,0.686,0.658524,,,0.033,1.7e-05,,,-0.033,-1.7e-05,,
K2-266,4,K2-266 d,Transit,0,0.686,14.697,0.047,9.4,0.033,0.00034,0.043,2.9,-0.033,-0.00035,-0.032,-2.0
K2-266,4,K2-266 e,Transit,0,0.686,19.482,0.043,8.3,0.033,0.0012,0.036,2.7,-0.033,-0.0012,-0.03,-1.8
Kepler-271,3,Kepler-271 b,Transit,0,0.9,10.43547805,0.0,,0.041,2.7e-05,,,-0.045,-2.7e-05,,
Kepler-122,5,Kepler-122 e,Transit,0,0.982,37.993273,0.0,,0.028,0.00039,,,-0.029,-0.00039,,
GJ 676 A,4,GJ 676 A d,Radial Velocity,0,0.626,3.60076,0.192,3.813940884,0.063,0.00019,0.073,0.317828407,-0.063,-0.0002,-0.079,-0.317828407
Kepler-218,3,Kepler-218 b,Transit,0,1.019,3.619337,0.0,,0.021,1.1e-05,,,-0.021,-1.1e-05,,
K2-80,3,K2-80 b,Transit,0,0.9,19.0918,,,0.08,0.0064,,,-0.08,-0.0064,,
K2-285,4,K2-285 d,Transit,0,0.83,10.45582,0.0,,0.023,0.00025,,,-0.023,-0.00023,,
K2-285,4,K2-285 e,Transit,0,0.83,14.76289,0.0,,0.023,0.00065,,,-0.023,-0.00061,,
Kepler-359,3,Kepler-359 b,Transit,0,0.827,25.563222,0.0,,0.03,0.000202,,,-0.029,-0.000202,,
Kepler-48,5,Kepler-48 f,Radial Velocity,0,0.916,5219.681854,0.015283,298.5809968,0.0215,373.576493,0.13506,92.71232669,-0.0215,-373.576493,-0.13506,-92.71232669
Kepler-172,4,Kepler-172 e,Transit,0,1.081,35.118736,0.0,,0.027,0.000253,,,-0.034,-0.000253,,
Kepler-281,3,Kepler-281 d,Transit,0,0.984,148.2720032,0.0,,0.102,,,,-0.114,,,
K2-285,4,K2-285 b,Transit,0,0.83,3.471745,0.0,,0.023,4.4e-05,,,-0.023,-4.6e-05,,
Kepler-208,4,Kepler-208 d,Transit,0,1.082,11.131786,0.0,,0.03,0.000131,,,-0.03,-0.000131,,
Kepler-221,4,Kepler-221 e,Transit,0,0.854,18.369917,0.0,,0.012,2.9e-05,,,-0.016,-2.9e-05,,
HD 10180,6,HD 10180 g,Radial Velocity,0,1.06,604.67,0.263,23.265156,0.05,10.42,0.152,4.386054,-0.05,-10.42,-0.152,-4.386054
HD 23472,5,HD 23472 b,Transit,0,0.67,17.667087,0.072,,0.03,4.2e-05,0.039,,-0.03,-4.2e-05,-0.04,
HD 23472,5,HD 23472 c,Transit,0,0.67,29.79749,0.063,,0.03,0.00013,0.054,,-0.03,-0.00014,-0.043,
TOI-712,3,TOI-712 b,Transit,0,0.732,9.531361,0.54,,0.027,1.8e-05,0.26,,-0.025,-1.7e-05,-0.2,
TOI-712,3,TOI-712 c,Transit,0,0.732,51.69906,0.089,,0.027,0.00017,0.083,,-0.025,-0.00017,-0.056,
TOI-712,3,TOI-712 d,Transit,0,0.732,84.8396,0.073,,0.027,0.00043,0.064,,-0.025,-0.0004,-0.049,
TOI-4504,3,TOI-4504 c,Transit,0,0.89,82.97213,0.032,,0.06,0.00013,0.0016,,-0.04,-0.00013,-0.0014,
TOI-4504,3,TOI-4504 b,Transit,0,0.89,2.42614,0.0,,0.06,0.00014,,,-0.04,-0.00013,,
HD 23472,5,HD 23472 f,Transit,0,0.67,12.1621839,0.07,,0.03,0.00012,0.048,,-0.03,-9.9e-05,-0.051,
HD 23472,5,HD 23472 d,Transit,0,0.67,3.97664,0.07,,0.03,3e-05,0.05,,-0.03,-4.4e-05,-0.047,
HD 23472,5,HD 23472 e,Transit,0,0.67,7.90754,0.07,,0.03,0.00011,0.052,,-0.03,-0.00011,-0.047,
TOI-4504,3,TOI-4504 d,Transit Timing Variations,0,0.89,40.5634,0.0445,,0.06,0.0363,0.001,,-0.04,-0.0368,-0.0009,
Kepler-401,3,Kepler-401 d,Transit,0,1.17,184.256405,0.0,,0.068,0.00317,,,-0.053,-0.00317,,
Kepler-25,3,Kepler-25 b,Transit,0,1.165,6.238297,0.0029,10.79716709,0.027,1.7e-05,0.0023,3.089960654,-0.029,-1.7e-05,-0.0017,-3.089960654
GJ 180,3,GJ 180 c,Radial Velocity,0,0.43,24.329,0.09,6.4,,0.052,0.2,3.7,,-0.066,-0.09,-4.1
Kepler-203,3,Kepler-203 c,Transit,0,1.06,5.370647,0.0,,0.022,8e-06,,,-0.036,-8e-06,,
Kepler-221,4,Kepler-221 b,Transit,0,0.854,2.795906,0.0,,0.012,4e-06,,,-0.016,-4e-06,,
Kepler-160,3,Kepler-160 c,Transit,0,1.003,13.699429,0.0,,0.036,1.8e-05,,,-0.034,-1.8e-05,,
GJ 1061,3,GJ 1061 c,Radial Velocity,0,0.12,6.6821,0.02,1.74,0.01,0.0008,0.03,0.23,-0.01,-0.0008,-0.02,-0.23
Kepler-49,4,Kepler-49 c,Transit,0,0.607,10.91,0.008,,0.014,,0.023,,-0.014,,-0.005,
Kepler-1321,3,Kepler-1321 d,Transit,0,0.513,5.720920086,0.0,,0.036,,,,-0.054,,,
Kepler-411,4,Kepler-411 d,Transit,0,0.87,58.02035,0.128,,0.039,0.00056,0.003,,-0.039,-0.00056,-0.003,
Kepler-411,4,Kepler-411 c,Transit,0,0.87,7.834435,0.108,,0.039,2e-06,0.003,,-0.039,-2e-06,-0.004,
Kepler-394,3,Kepler-394 d,Transit,0,1.141,5.613580227,0.0,,0.169,,,,-0.152,,,
K2-133,4,K2-133 e,Transit,0,0.461,26.5841,,,0.011,0.0018,,,-0.011,-0.0017,,
Kepler-25,3,Kepler-25 c,Transit,0,1.165,12.7207,0.0061,24.06546146,0.027,0.00011,0.0049,4.031824595,-0.029,-0.0001,-0.0041,-4.031824595
Kepler-139,5,Kepler-139 c,Transit,0,1.078,157.072878,0.0,23.25579681,0.0255,0.00172,,4.728831138,-0.0255,-0.00172,,-4.728831138
Kepler-385,3,Kepler-385 d,Transit,0,1.05,56.4159,0.0,,,,,,,,,
Kepler-176,4,Kepler-176 c,Transit,0,0.86,12.759712,0.0,,0.016,3.3e-05,,,-0.024,-3.3e-05,,
HD 96700,3,HD 96700 c,Radial Velocity,0,0.89,19.88,0.293,3.5,0.01,0.01,,0.4,-0.01,-0.01,,-0.4
Kepler-247,3,Kepler-247 d,Transit,0,0.887,20.477912,0.0,,0.016,2.6e-05,,,-0.022,-2.6e-05,,
K2-268,5,K2-268 b,Transit,0,0.84,2.151676,,,0.02,5e-06,,,-0.02,-6e-06,,
Kepler-1542,4,Kepler-1542 c,Transit,0,0.94,2.89223021,0.0,,0.032,1.472e-05,,,-0.031,-1.472e-05,,
HD 219134,6,HD 219134 c,Radial Velocity,0,0.81,6.76458,0.062,3.12,0.03,0.00033,0.039,0.42,-0.03,-0.00033,-0.039,-0.4
HD 219134,6,HD 219134 f,Radial Velocity,1,0.81,22.717,0.148,6.43,0.03,0.015,0.047,0.66,-0.03,-0.015,-0.047,-0.64
HD 219134,6,HD 219134 h,Radial Velocity,0,0.794,2247.0,0.06,108.0622,0.037,43.0,0.04,6.3566,-0.022,-43.0,-0.04,-6.3566
Kepler-331,3,Kepler-331 c,Transit,0,0.653,17.28111,0.0,,0.014,6.4e-05,,,-0.014,-6.4e-05,,
Kepler-1311,3,Kepler-1311 b,Transit,0,1.05,11.1726994,0.0,,0.083,0.0001387,,,-0.058,-0.0001387,,
K2-58,3,K2-58 c,Transit,0,0.89,2.53726,,,0.08,0.00017,,,-0.08,-0.00017,,
Kepler-92,3,Kepler-92 c,Transit,0,1.21,26.723,0.04,12.70107412,0.08,,0.22,10.25372377,-0.08,,-0.04,-10.25372377
Kepler-167,4,Kepler-167 b,Transit,0,0.777,4.3931539,0.0,,0.034,4.8e-06,,,-0.031,-4.6e-06,,
Kepler-127,3,Kepler-127 c,Transit,0,1.248,29.393195,0.03,,0.014,7.3e-05,0.14,,-0.022,-7.3e-05,-0.03,
GJ 357,3,GJ 357 d,Radial Velocity,0,0.342,55.661,,6.1,0.011,0.055,,1.0,-0.011,-0.055,,-1.0
Kepler-374,3,Kepler-374 c,Transit,0,1.033,3.282807,0.0,,0.033,2e-05,,,-0.029,-2e-05,,
Kepler-186,5,Kepler-186 e,Transit,0,0.478,22.407704,0.0,,0.055,7.4e-05,,,-0.055,-7.2e-05,,
HD 134606,5,HD 134606 f,Radial Velocity,0,1.046,26.915,0.081,5.63,0.07,0.016,0.1,0.72,-0.059,-0.016,-0.059,-0.69
GJ 3998,3,GJ 3998 d,Radial Velocity,0,0.52,41.78,0.0,6.07,0.05,0.05,,1.0,-0.05,-0.05,,-0.96
HD 33142,3,HD 33142 d,Radial Velocity,0,1.52,89.9,0.191,63.5656814,0.03,0.1,0.14,6.35656814,-0.03,-0.1,-0.128,-9.53485221
HD 158259,5,HD 158259 b,Radial Velocity,0,1.08,2.178,,2.22,0.1,9e-05,,0.39,-0.1,-0.0001,,-0.45
HD 158259,5,HD 158259 d,Radial Velocity,0,1.08,5.1980814,,5.41,0.1,0.0008186,,0.74,-0.1,-0.0008814,,-0.71
Kepler-184,3,Kepler-184 b,Transit,0,0.872,10.687576,0.0,,0.024,2.5e-05,,,-0.028,-2.5e-05,,
HD 158259,5,HD 158259 e,Radial Velocity,0,1.08,7.951,,6.08,0.1,0.0022,,0.94,-0.1,-0.0021,,-1.03
HD 158259,5,HD 158259 f,Radial Velocity,0,1.08,12.028,,6.14,0.1,0.009,,1.31,-0.1,-0.009,,-1.37
L 98-59,5,L 98-59 b,Transit,0,0.2923,2.253114,0.031,,0.0067,4e-07,0.017,,-0.0067,-4e-07,-0.016,
L 98-59,5,L 98-59 c,Transit,0,0.2923,3.6906764,0.002,,0.0067,4e-07,0.002,,-0.0067,-4e-07,-0.001,
L 98-59,5,L 98-59 d,Transit,0,0.2923,7.450729,0.006,,0.0067,2e-06,0.007,,-0.0067,-2e-06,-0.004,
Kepler-218,3,Kepler-218 d,Transit,0,1.01,124.5244647,0.0,,0.038,0.0005822,,,-0.037,-0.0005822,,
Kepler-215,4,Kepler-215 d,Transit,0,0.788,30.864423,0.0,,0.018,9.2e-05,,,-0.012,-9.2e-05,,
HD 20782,5,HD 20782 b,Radial Velocity,0,1.04,597.0643,0.95,472.83,0.134951,0.0256,0.001,33.22,-0.107228,-0.0256,-0.001,-33.88
Kepler-48,5,Kepler-48 b,Transit,0,0.88,4.778,0.0,6.609155809,0.06,,,2.832601458,-0.06,,,-2.832601458
Kepler-292,5,Kepler-292 e,Transit,0,0.865,11.97901,0.0,,0.021,0.000101,,,-0.029,-0.000101,,
GJ 433,3,GJ 433 d,Radial Velocity,0,0.48,36.059,0.07,5.223,,0.016,0.05,0.921,,-0.016,-0.05,-0.921
K2-268,5,K2-268 c,Transit,0,0.84,9.327527,,,0.02,2.1e-05,,,-0.02,-2e-05,,
Kepler-416,3,Kepler-416 c,Transit Timing Variations,0,1.0,12.209,0.0,,,,,,,,,
K2-16,3,EPIC 201754305 d,Transit,0,0.67,2.71578,,,0.03,0.00031,,,-0.04,-0.00031,,
HD 20794,4,HD 20794 b,Radial Velocity,0,0.79,18.314,0.064,2.15,0.01,0.0022,0.065,0.17,-0.01,-0.0022,-0.046,-0.17
GJ 887,4,GJ 887 b,Radial Velocity,0,0.495,9.2619,0.14,3.9,0.049,0.0005,0.06,0.5,-0.049,-0.0005,-0.06,-0.5
LHS 1903,4,LHS 1903 d,Transit,0,0.538,12.566287,0.112,,0.039,3.2e-05,0.055,,-0.03,-2.8e-05,-0.044,
Kepler-326,3,Kepler-326 d,Transit,0,0.91,6.766888,0.0,,0.011,2.3e-05,,,-0.01,-2.3e-05,,
Kepler-129,3,Kepler-129 c,Transit,0,1.178,82.2,0.2,25.31373539,0.021,,0.15,9.341860287,-0.03,,-0.2,-9.341860287
Kepler-1468,3,Kepler-1468 d,Transit,0,1.072,19.59059906,0.0,,0.112,,,,-0.084,,,
Kepler-1987,4,Kepler-1987 e,Transit,0,0.799,8.74292005,0.0,,0.041,3.311e-05,,,-0.081,-3.311e-05,,
KOI-351,8,KOI-351 f,Transit,0,1.2,124.9144,0.0,,0.1,0.0019,,,-0.1,-0.0019,,
Kepler-351,3,Kepler-351 d,Transit,0,0.81,142.544247,0.0,,0.047,0.002303,,,-0.063,-0.002303,,
Kepler-324,4,Kepler-324 b,Transit,0,0.901,4.385315,0.0,,0.017,2.5e-05,,,-0.027,-2.5e-05,,
K2-138,6,K2-138 d,Transit,0,0.935,5.40479,0.043,,0.019,0.00021,0.041,,-0.023,-0.00021,-0.03,
K2-138,6,K2-138 e,Transit,0,0.935,8.26146,0.077,,0.019,0.00021,0.048,,-0.023,-0.00022,-0.049,
K2-138,6,K2-138 f,Transit,0,0.935,12.75758,0.062,,0.019,0.0005,0.064,,-0.023,-0.00048,-0.043,
Kepler-1542,4,Kepler-1542 e,Transit,0,0.94,5.10115756,0.0,,0.032,2.409e-05,,,-0.031,-2.409e-05,,
K2-32,4,K2-32 d,Transit,0,0.83,31.71701,0.05,,0.02,0.00101,0.053,,-0.02,-0.00096,-0.035,
K2-32,4,K2-32 b,Transit,0,0.83,8.992,0.03,,0.02,8e-05,0.032,,-0.02,-8e-05,-0.021,
Kepler-299,4,Kepler-299 b,Transit,0,1.004,2.927128,0.0,,0.032,3.3e-05,,,-0.035,-3.3e-05,,
K2-32,4,K2-32 c,Transit,0,0.83,20.66093,0.049,,0.02,0.0008,0.046,,-0.02,-0.00079,-0.035,
HD 164922,4,HD 164922 b,Radial Velocity,0,0.926,1207.0,0.08,116.0,0.029,4.0,0.06,10.0,-0.035,-5.0,-0.05,-12.0
Kepler-55,5,Kepler-55 f,Transit,0,0.631,10.198545,0.0,,0.016,4.5e-05,,,-0.016,-4.5e-05,,
Kepler-1073,3,Kepler-1073 d,Transit,0,0.924,2.504760027,0.0,,0.062,,,,-0.043,,,
K2-138,6,K2-138 g,Transit,0,0.935,41.96797,0.059,,0.019,0.00843,0.063,,-0.023,-0.00725,-0.04,
TOI-1749,3,TOI-1749 d,Transit,0,0.58,9.0497,0.062,,0.03,0.0049,,,-0.03,-0.0032,,
Kepler-53,3,Kepler-53 d,Transit,0,0.966,9.751962,0.0,,0.035,7.7e-05,,,-0.033,-7.7e-05,,
Kepler-394,3,Kepler-394 c,Transit,0,0.87,12.130686,0.0,,0.03,0.00018,,,-0.027,-0.00018,,
55 Cnc B,7,55 Cnc B b,Radial Velocity,0,0.26,6.7994,0.0,3.5,0.02,0.0013,,0.8,-0.02,-0.0014,,-0.8
55 Cnc,7,55 Cnc c,Radial Velocity,0,1.015,44.3936,0.088,56.6,0.051,0.0024,0.23,2.2,-0.051,-0.0024,-0.23,-2.2
61 Vir,3,61 Vir c,Radial Velocity,0,0.942,38.021,0.14,18.2,0.034,0.034,0.06,1.1,-0.029,-0.034,-0.06,-1.1
Kepler-245,4,Kepler-245 c,Transit,0,0.856,17.460812,0.0,,0.02,7.6e-05,,,-0.026,-7.6e-05,,
HD 10180,6,HD 10180 c,Radial Velocity,0,1.06,5.75969,0.073,13.221728,0.05,0.00028,0.031,0.444962,-0.05,-0.00028,-0.031,-0.444962
Kepler-178,3,Kepler-178 b,Transit,0,0.852,9.576694,0.0,,0.03,2.1e-05,,,-0.026,-2.1e-05,,
Kepler-334,3,Kepler-334 b,Transit,0,1.022,5.470319,0.0,,0.0235,2.1e-05,,,-0.0235,-2.1e-05,,
Kepler-311,3,Kepler-311 b,Transit,0,0.994,9.176092,0.0,,0.033,5.7e-05,,,-0.029,-5.7e-05,,
HD 69830,3,HD 69830 c,Radial Velocity,0,0.86,31.56,0.13,11.8,0.03,0.04,0.06,,-0.03,-0.04,-0.06,
HD 219134,6,HD 219134 b,Radial Velocity,0,0.81,3.092926,0.0,3.81396,0.03,1e-05,,0.31783,-0.03,-1e-05,,-0.31783
rho CrB,3,rho CrB b,Radial Velocity,1,1.0,39.849,0.046,347.995,,0.002,0.002,0.054,,-0.002,-0.002,-0.054
rho CrB,3,rho CrB c,Radial Velocity,0,1.0,102.036,0.048,27.442,,0.204,0.034,0.709,,-0.204,-0.034,-0.709
rho CrB,3,rho CrB e,Radial Velocity,0,1.0,12.904,0.082,3.71,,0.011,0.047,0.598,,-0.011,-0.047,-0.598
HD 153557,3,HD 153557 c,Radial Velocity,0,0.79,15.27018,0.511,17.480562385,0.091,0.0014,0.037,1.589142035,-0.091,-0.00117,-0.029,-1.906970442
Kepler-107,4,Kepler-107 d,Transit,0,1.238,7.95839,0.11,,0.029,0.00012,,,-0.029,-0.00012,,
Kepler-127,3,Kepler-127 b,Transit,0,1.248,14.435889,0.47,,0.014,6.3e-05,0.06,,-0.022,-6.3e-05,-0.39,
HD 184010,3,HD 184010 c,Radial Velocity,0,1.35,484.3,0.0,95.3485221,0.19,5.5,,9.53485221,-0.21,-3.5,,-19.06970442
Kepler-30,3,Kepler-30 c,Transit,0,0.99,60.323105,0.0111,,0.08,0.000244,0.001,,-0.08,-0.000244,-0.001,
Kepler-9,3,Kepler-9 b,Transit,0,1.022,19.23891,0.0609,25.90393345,0.029,6e-05,0.001,9.633306767,-0.039,-6e-05,-0.0013,-9.633306767
Kepler-60,3,Kepler-60 d,Transit,0,1.041,11.8981,0.002,,0.077,0.0002,0.0051,,-0.077,-0.0002,-0.0015,
TOI-1246,4,TOI-1246 b,Transit,0,0.87,4.30744,,,0.03,2e-05,,,-0.03,-2e-05,,
Kepler-403,3,Kepler-403 d,Transit,0,1.25,13.61159129,0.0,,0.088,8.288e-05,,,-0.059,-8.288e-05,,
Kepler-256,4,Kepler-256 e,Transit,0,1.037,10.681572,0.0,,0.024,6.6e-05,,,-0.028,-6.6e-05,,
TOI-500,4,TOI-500 c,Radial Velocity,0,0.74,6.6356,0.072,5.03,0.017,0.004,0.074,0.41,-0.017,-0.004,-0.05,-0.41
K2-157,3,K2-157 c,Radial Velocity,0,0.89,25.942,0.2,30.8,0.029,0.045,,1.9,-0.029,-0.044,,-1.9
TOI-500,4,TOI-500 b,Transit,0,0.74,0.548177,0.063,,0.017,1.9e-05,0.073,,-0.017,-1.9e-05,-0.044,
K2-368,3,K2-368 b,Transit,0,0.746,5.025598,,,0.334,0.000287,,,-0.232,-0.000342,,
K2-58,3,K2-58 b,Transit,0,0.89,7.05254,,,0.08,0.00032,,,-0.08,-0.00032,,
Kepler-192,3,Kepler-192 d,Transit,0,0.94,6.47027579,0.0,,0.034,4.32e-05,,,-0.033,-4.32e-05,,
Kepler-282,4,Kepler-282 e,Transit,0,0.97,44.347,0.0,,0.1,,,,-0.12,,,
KOI-351,8,Kepler-90 i,Transit,0,1.12,14.44912,0.0,,0.046,0.0002,,,-0.046,-0.0002,,
TOI-375,3,TOI-375 c,Radial Velocity,0,1.441,115.5,,669.346625142,0.076,2.0,,70.875734761,-0.075,-1.6,,-67.379622284
GJ 887,4,GJ 887 e,Radial Velocity,0,0.495,4.4249,,1.46,0.049,0.00014,,0.19,-0.049,-0.00013,,-0.18
AU Mic,4,AU Mic d,Transit Timing Variations,0,0.51,12.73596,0.00305,,0.028,0.00793,0.00104,,-0.027,-0.00793,-0.00104,
Kepler-62,5,Kepler-62 f,Transit,0,0.69,267.291,0.0,,0.02,0.005,,,-0.02,-0.005,,
Kepler-203,3,Kepler-203 b,Transit,0,1.06,3.162697,0.0,,0.022,4e-06,,,-0.036,-4e-06,,
Kepler-138,4,Kepler-138 e,Transit Timing Variations,0,0.535,38.23,0.112,,0.012,0.006,0.018,,-0.012,-0.006,-0.024,
Kepler-167,4,Kepler-167 c,Transit,0,0.777,7.406106,0.0,,0.034,1e-05,,,-0.031,-1e-05,,
Kepler-267,3,Kepler-267 c,Transit,0,0.541571,6.87745,0.0,,0.020592,1.6e-05,,,-0.020592,-1.6e-05,,
Kepler-62,5,Kepler-62 d,Transit,0,0.69,18.16406,0.0,,0.02,2e-05,,,-0.02,-2e-05,,
DMPP-1,4,DMPP-1 b,Radial Velocity,0,1.21,17.812,0.2,16.8,0.03,0.025,,2.5,-0.03,-0.019,,-2.5
DMPP-1,4,DMPP-1 c,Radial Velocity,0,1.21,10.03,0.22,10.94,0.03,0.53,,0.61,-0.03,-0.24,,-0.59
TOI-700,4,TOI-700 b,Transit,0,0.415,9.977219,0.075,,0.021,4.1e-05,0.093,,-0.02,-3.8e-05,-0.054,
TOI-1260,3,TOI-1260 c,Transit,0,0.679,7.493134,0.0,,0.095,2e-05,,,-0.057,-2e-05,,
TOI-1260,3,TOI-1260 d,Transit,0,0.679,16.608164,0.0,,0.095,8.3e-05,,,-0.057,-8.3e-05,,
GJ 3138,3,GJ 3138 c,Radial Velocity,0,0.681,5.974,0.11,4.18,,0.001,0.11,0.61,,-0.001,-0.07,-0.59
Kepler-198,3,Kepler-198 d,Transit,0,0.97,1.31184443,0.0,,0.035,1.329e-06,,,-0.033,-1.329e-06,,
LHS 1903,4,LHS 1903 c,Transit,0,0.538,6.226185,0.089,,0.039,2.8e-05,0.036,,-0.03,-2.6e-05,-0.03,
HD 191939,6,HD 191939 b,Transit,0,0.81,8.8803256,0.031,9.66,0.04,4.7e-06,0.01,0.7,-0.04,-4.7e-06,-0.011,-0.7
Kepler-251,4,Kepler-251 e,Transit,0,0.891,99.640161,0.0,,0.019,0.001074,,,-0.027,-0.001074,,
Kepler-164,4,Kepler-164 d,Transit,0,1.036,28.986769,0.0,,0.031,0.000162,,,-0.034,-0.000162,,
Kepler-32,5,Kepler-32 b,Transit,0,0.58,5.90124,0.0,,0.05,0.0001,,,-0.05,-0.0001,,
Kepler-124,3,Kepler-124 c,Transit,0,0.706,13.821375,0.0,,0.01,3.7e-05,,,-0.006,-3.7e-05,,
TOI-700,4,TOI-700 e,Transit,0,0.415,27.80978,0.059,,0.021,0.00046,0.057,,-0.02,-0.0004,-0.042,
Kepler-265,4,Kepler-265 d,Transit,0,0.97,43.130617,0.0,,0.029,0.000658,,,-0.034,-0.000658,,
DMPP-1,4,DMPP-1 d,Radial Velocity,0,1.21,3.1417,0.36,4.72,0.03,0.002,,0.81,-0.03,-0.0248,,-0.73
HD 22946,3,TOI-411 c,Transit,0,1.098,9.573083,0.16,,0.04,1.4e-05,0.17,,-0.039,-1.4e-05,-0.1,
Kepler-24,4,Kepler-24 e,Transit,0,1.046,18.998355,0.0,,0.035,0.000157,,,-0.034,-0.000157,,
KOI-351,8,KOI-351 b,Transit,0,1.2,7.008151,0.0,,0.1,1.9e-05,,,-0.1,-1.9e-05,,
HD 40307,5,HD 40307 c,Radial Velocity,0,0.77,9.6184,0.06,6.6,0.05,0.005,0.11,1.1,-0.05,-0.0049,-0.06,-1.0
K2-136,3,K2-136 d,Transit,0,0.742,25.575,0.071,,0.039,0.0024,0.063,,-0.038,-0.0023,-0.049,
Kepler-26,4,Kepler-26 d,Transit,0,0.593,3.543919,0.0,,0.016,1.5e-05,,,-0.016,-1.5e-05,,
Kepler-229,3,Kepler-229 d,Transit,0,0.808,41.194912,0.0,,0.017,0.000248,,,-0.021,-0.000248,,
Kepler-106,4,Kepler-106 e,Transit,0,1.0,43.8445,0.0,6.590625122,0.06,,,2.432639406,-0.06,,,-2.432639406
Kepler-402,4,Kepler-402 b,Transit,0,1.072,4.028751,0.0,,0.036,1.9e-05,,,-0.029,-1.9e-05,,
Kepler-186,5,Kepler-186 c,Transit,0,0.478,7.267302,0.0,,0.055,1.2e-05,,,-0.055,-1.1e-05,,
Kepler-339,3,Kepler-339 b,Transit,0,0.87,4.977656,0.0,,0.01,1.9e-05,,,-0.012,-1.9e-05,,
Kepler-102,5,Kepler-102 d,Transit,0,0.803,10.311767,0.092,4.541252342,0.021,4.1e-06,,1.929920725,-0.021,-4.1e-06,,-1.929920725
Kepler-83,3,Kepler-83 c,Transit,0,0.66,20.09,0.0,,0.41,,,,-0.25,,,
Kepler-102,5,Kepler-102 e,Transit,0,0.803,16.1456994,0.089,4.741928307,0.021,2.2e-06,,2.057155136,-0.021,-2.2e-06,,-2.057155136
Kepler-68,4,Kepler-68 b,Transit,0,1.057,5.39875259,0.09,8.440506691,0.022,5.2e-07,,1.469218447,-0.02,-5.2e-07,,-1.469218447
K2-136,3,K2-136 c,Transit,0,0.742,17.30713,0.047,,0.039,0.00027,0.062,,-0.038,-0.00027,-0.034,
Kepler-68,4,Kepler-68 d,Radial Velocity,0,1.057,632.62,0.102,238.053476843,0.022,1.03,0.016,5.403082919,-0.02,-1.03,-0.016,-5.403082919
tau Cet,3,tau Cet g,Radial Velocity,1,0.783,20.0,0.06,1.75,0.012,0.02,0.13,0.25,-0.012,-0.01,-0.06,-0.4
tau Cet,3,tau Cet h,Radial Velocity,1,0.783,49.41,0.23,1.83,0.012,0.08,0.16,0.68,-0.012,-0.1,-0.15,-0.26
tau Cet,3,tau Cet f,Radial Velocity,1,0.783,636.13,0.16,3.93,0.012,11.7,0.07,1.05,-0.012,-47.69,-0.16,-1.37
K2-72,4,K2-72 e,Transit,0,0.271365,24.158868,0.11,,0.079196,0.003726,0.198676,,-0.090624,-0.00385,-0.086832,
Kepler-154,5,Kepler-154 f,Transit,0,0.98,9.91935684,0.0,,0.04,7.788e-05,,,-0.044,-7.788e-05,,
HD 34445,6,HD 34445 e,Radial Velocity,0,1.07,49.175,0.09,16.8,0.02,0.045,0.062,2.9,-0.02,-0.045,-0.062,-2.9
Kepler-37,4,Kepler-37 c,Transit,0,0.79,21.301848,0.099,,0.033,1.8e-05,,,-0.03,-1.8e-05,,
Kepler-37,4,Kepler-37 b,Transit,0,0.79,13.36702,0.098,,0.033,6e-05,,,-0.03,-6e-05,,
Kepler-416,3,Kepler-416 b,Transit Timing Variations,0,1.0,6.319,0.0,,,,,,,,,
Kepler-19,3,Kepler-19 b,Transit,0,0.936,9.28699,0.41,7.398281105,0.04,0.0,,2.109477431,-0.04,0.0,,-2.109477431
Kepler-68,4,Kepler-68 c,Transit,0,1.057,9.605027,0.099,2.669529507,0.022,1.3e-05,,1.889065682,-0.02,-1.3e-05,,-1.889065682
Kepler-219,3,Kepler-219 b,Transit,0,1.164,4.585512,0.0,,0.035,8e-06,,,-0.033,-8e-06,,
Kepler-296,5,Kepler-296 b,Transit,0,0.498,10.864384,0.33,,0.067,5.1e-05,,,-0.087,-4.6e-05,,
HD 191939,6,HD 191939 c,Transit,0,0.81,28.579743,0.034,7.55,0.04,4.5e-05,0.034,1.05,-0.04,-4.5e-05,-0.013,-1.05
HD 191939,6,HD 191939 d,Transit,0,0.81,38.353037,0.031,2.8,0.04,6e-05,0.018,1.11,-0.04,-6e-05,-0.012,-1.11
HD 108236,5,HD 108236 c,Transit,0,0.869,6.203449,0.034,,0.05,4.9e-05,0.042,,-0.048,-4.6e-05,-0.025,
Kepler-399,3,Kepler-399 d,Transit,0,0.902,58.034616,0.0,,0.065,0.000363,,,-0.033,-0.000363,,
Kepler-83,3,Kepler-83 b,Transit,0,0.66,9.77,0.0,,0.41,,,,-0.25,,,
Kepler-102,5,Kepler-102 f,Transit,0,0.803,27.453592,0.1,,0.021,6e-05,,,-0.021,-6e-05,,
Kepler-102,5,Kepler-102 b,Transit,0,0.803,5.286965,0.1,,0.021,1.2e-05,,,-0.021,-1.2e-05,,
Kepler-1311,3,Kepler-1311 c,Transit,0,1.05,2.53573424,0.0,,0.083,1.018e-05,,,-0.058,-1.018e-05,,
GJ 357,3,GJ 357 b,Transit,0,0.342,3.9306,,,0.011,2e-06,,,-0.011,-2e-06,,
Kepler-26,4,Kepler-26 e,Transit,0,0.593,46.827915,0.0,,0.016,0.000173,,,-0.016,-0.000173,,
Kepler-169,5,Kepler-169 b,Transit,0,0.825,3.250619,0.0,,0.007,1.3e-05,,,-0.013,-1.3e-05,,
TOI-4010,4,TOI-4010 b,Transit,0,0.88,1.348335,0.03,,0.03,3e-06,0.03,,-0.03,-2e-06,-0.02,
GJ 367,3,GJ 367 b,Transit,0,0.455,0.3219225,0.06,,0.011,2e-07,0.07,,-0.011,-2e-07,-0.04,
GJ 367,3,GJ 367 c,Radial Velocity,0,0.455,11.5301,0.09,4.13,0.011,0.0078,0.07,0.36,-0.011,-0.0078,-0.07,-0.36
Kepler-54,3,Kepler-54 c,Transit,0,0.51,12.0717249,0.0,,,0.00029,,,,-0.00029,,
TOI-4010,4,TOI-4010 e,Radial Velocity,0,0.88,762.0,0.26,692.0,0.03,90.0,0.04,66.0,-0.03,-90.0,-0.04,-63.0
HR 8799,4,HR 8799 b,Imaging,0,1.5,170000.0,,,0.3,,,,-0.3,,,
HR 8799,4,HR 8799 c,Imaging,0,1.5,69000.0,0.5,,0.3,,,,-0.3,,,
HR 8799,4,HR 8799 d,Imaging,0,1.5,37000.0,0.6,,0.3,,,,-0.3,,,
HR 8799,4,HR 8799 e,Imaging,0,1.51,20815.6,0.15,,0.038,1128.62,0.08,,-0.024,-1128.62,-0.08,
LP 791-18,3,LP 791-18 b,Transit,0,0.139,0.9479981,0.0,,0.005,2.1e-06,,,-0.005,-2.1e-06,,
LP 791-18,3,LP 791-18 c,Transit,0,0.139,4.98991,0.0001,,0.005,1.2e-06,0.0001,,-0.005,-1.4e-06,-0.0001,
LP 791-18,3,LP 791-18 d,Transit,0,0.139,2.75485,0.0011,,0.005,0.00013,0.001,,-0.005,-0.00013,-0.0008,
Kepler-51,4,Kepler-51 e,Transit Timing Variations,0,0.96,264.284,0.02,,0.05,0.905,0.015,,-0.05,-0.905,-0.015,
Kepler-51,4,Kepler-51 d,Transit,0,1.04,130.194,0.008,,0.12,0.005,0.011,,-0.12,-0.002,-0.008,
Kepler-51,4,Kepler-51 c,Transit,0,1.04,85.312,0.014,,0.12,0.003,0.013,,-0.12,-0.002,-0.009,
Kepler-51,4,Kepler-51 b,Transit,0,1.04,45.154,0.04,,0.12,0.0002,0.01,,-0.12,-0.0002,-0.01,
GJ 180,3,GJ 180 d,Radial Velocity,0,0.43,106.3,0.14,7.56,,0.129,0.04,1.07,,-0.129,-0.04,-1.07
Kepler-139,5,Kepler-139 f,Transit Timing Variations,0,1.078,355.0,,,0.028,2.0,,,-0.034,-2.0,,
Kepler-126,3,Kepler-126 c,Transit,0,1.108,21.869741,0.19,1.279421481,0.029,8.2e-05,0.18,7.032758791,-0.029,-8.2e-05,-0.19,-7.032758791
TOI-4010,4,TOI-4010 c,Transit,0,0.88,5.414654,0.03,,0.03,7e-06,0.03,,-0.03,-7e-06,-0.02,
K2-3,3,K2-3 c,Transit,0,0.549,24.646729,0.048,,0.029,4.4e-05,0.073,,-0.027,-4.2e-05,-0.035,
K2-3,3,K2-3 d,Transit,0,0.549,44.55603,0.091,,0.029,0.00013,0.12,,-0.027,-0.00012,-0.064,
DMPP-2,3,DMPP-2 b,Radial Velocity,0,1.41,5.203,0.06,171.48,0.04,0.0012,,10.99,-0.04,-0.0012,,-8.34
Kepler-52,3,Kepler-52 d,Transit,0,0.577,36.445171,0.0,,0.014,0.000253,,,-0.014,-0.000253,,
Kepler-132,4,Kepler-132 c,Transit,0,0.929,6.414914,0.0,,0.035,1.9e-05,,,-0.033,-1.9e-05,,
HD 39091,3,pi Men c,Transit,0,1.07,6.2678399,0.0,3.496112477,0.04,1.1e-05,,0.317828407,-0.04,-1.1e-05,,-0.317828407
HD 110067,6,HD 110067 f,Transit,0,0.798,41.05854,,,0.042,0.0001,,,-0.042,-0.0001,,
HD 11506,3,HD 11506 b,Radial Velocity,0,1.22,1617.7,0.379,1525.5763536,0.02,1.9,0.009,25.42627256,-0.02,-1.9,-0.009,-25.42627256
Kepler-235,4,Kepler-235 d,Transit,0,0.581,20.060548,0.0,,0.018,9.9e-05,,,-0.018,-9.9e-05,,
Kepler-1530,3,Kepler-1530 d,Transit,0,1.015,9.20761013,0.0,,0.122,,,,-0.111,,,
HD 110067,6,HD 110067 e,Transit,0,0.798,30.793091,,,0.042,1.2e-05,,,-0.042,-1.2e-05,,
HD 110067,6,HD 110067 c,Transit,0,0.798,13.673694,,,0.042,2.4e-05,,,-0.042,-2.4e-05,,
Kepler-139,5,Kepler-139 d,Transit,0,1.078,7.305699922,0.0,4.658076226,0.0255,,,2.001763017,-0.0255,,,-2.001763017
Kepler-336,3,Kepler-336 d,Transit,0,1.09,20.678772,0.0,,0.059,0.000102,,,-0.042,-0.000102,,
HD 20794,4,HD 20794 d,Radial Velocity,0,0.79,89.68,0.077,2.98,0.01,0.1,0.084,0.29,-0.01,-0.1,-0.055,-0.29
HD 39194,3,HD 39194 c,Radial Velocity,0,0.86,14.0309,0.078,7.49,0.04,0.0022,,0.5,-0.04,-0.0022,,-0.5
Kepler-763,3,Kepler-763 b,Transit,0,0.84,1.19655156,0.0,,0.038,3.563e-06,,,-0.041,-3.563e-06,,
HD 34445,6,HD 34445 b,Radial Velocity,0,1.14,1049.0,0.27,260.6206,0.09,11.0,0.07,28.6047,-0.09,-11.0,-0.07,-28.6047
Kepler-311,3,Kepler-311 d,Transit,0,0.974,232.040326,0.0,,0.082,0.006902,,,-0.062,-0.006902,,
Kepler-326,3,Kepler-326 c,Transit,0,0.91,4.580358,0.0,,0.011,1e-05,,,-0.01,-1e-05,,
HD 20794,4,HD 20794 e,Radial Velocity,1,0.813,147.02,0.29,4.77,0.018,1.43,0.14,0.96,-0.012,-0.91,-0.18,-0.86
Kepler-132,4,Kepler-132 b,Transit,0,0.929,6.178196,0.0,,0.035,2.2e-05,,,-0.033,-2.2e-05,,
Kepler-265,4,Kepler-265 c,Transit,0,0.97,17.028937,0.0,,0.029,0.000136,,,-0.034,-0.000136,,
Kepler-352,3,Kepler-352 c,Transit,0,0.798,16.332995,0.0,,0.01,0.000272,,,-0.02,-0.000272,,
Kepler-122,5,Kepler-122 b,Transit,0,0.982,5.766193,0.0,,0.028,1.6e-05,,,-0.029,-1.6e-05,,
GJ 9827,3,GJ 9827 c,Transit,0,0.62,3.648103,0.0,2.42,0.04,1.3e-05,,0.75,-0.04,-1e-05,,-0.49
Kepler-271,3,Kepler-271 d,Transit,0,0.9,5.24972541,0.0,,0.041,4.062e-05,,,-0.045,-4.062e-05,,
Kepler-446,3,Kepler-446 c,Transit,0,0.22,3.036179,0.0,,0.05,5.5e-06,,,-0.05,-5.5e-06,,
Kepler-235,4,Kepler-235 c,Transit,0,0.581,7.824904,0.0,,0.018,5.5e-05,,,-0.018,-5.5e-05,,
Kepler-20,6,Kepler-20 d,Transit,0,0.929,77.611455,0.082,12.94676483,0.053,9.6e-05,,4.212057781,-0.053,-9.6e-05,,-4.212057781
LHS 1678,3,LHS 1678 c,Transit,0,0.345,3.694284,0.039,,0.014,4.8e-06,0.04,,-0.014,-4.4e-06,-0.025,
HD 39194,3,HD 39194 d,Radial Velocity,0,0.86,33.874,0.159,5.16,0.04,0.024,,0.59,-0.04,-0.024,,-0.59
LHS 1678,3,LHS 1678 d,Transit,0,0.345,4.9652229,0.036,,0.014,9.6e-06,0.06,,-0.014,-7.5e-06,-0.027,
Kepler-203,3,Kepler-203 d,Transit,0,1.06,11.32972,0.0,,0.022,8e-05,,,-0.036,-8e-05,,
TOI-1136,6,TOI-1136 c,Transit,0,1.022,6.2574,0.11,,0.027,0.0002,0.01,,-0.027,-0.0002,-0.01,
Kepler-229,3,Kepler-229 b,Transit,0,0.808,6.252972,0.0,,0.017,2.1e-05,,,-0.021,-2.1e-05,,
Kepler-56,3,Kepler-56 d,Radial Velocity,0,1.29,1002.0,0.2,1784.0,0.037,5.0,0.01,120.0,-0.034,-5.0,-0.01,-120.0
Kepler-26,4,Kepler-26 b,Transit,0,0.544,12.28,0.021,,0.025,0.0003,0.021,,-0.025,-0.0003,-0.013,
Kepler-26,4,Kepler-26 c,Transit,0,0.544,17.2559,0.013,,0.025,0.0006,0.013,,-0.025,-0.0006,-0.01,
HD 141399,4,HD 141399 b,Radial Velocity,0,1.07,94.44,0.04,143.34133,0.08,0.05,0.02,9.5349,-0.08,-0.05,-0.02,-9.5349
HD 141399,4,HD 141399 c,Radial Velocity,0,1.07,201.99,0.048,422.7139,0.08,0.08,0.009,25.4264,-0.08,-0.08,-0.009,-25.4264
HD 141399,4,HD 141399 e,Radial Velocity,0,1.07,5000.0,0.26,209.7678,0.08,560.0,0.22,31.783,-0.08,-2000.0,-0.22,-31.783
HD 108236,5,HD 108236 e,Transit,0,0.869,19.590025,0.058,,0.05,8.3e-05,0.032,,-0.048,-8.9e-05,-0.036,
HD 108236,5,TOI-1233.01,Transit,0,0.869,14.175685,0.055,,0.05,8.3e-05,0.038,,-0.048,-0.0001,-0.035,
TOI-451,3,TOI-451 b,Transit,0,0.93,1.8587033,0.0,,0.04,9.3e-06,,,-0.04,-1.14e-05,,
HD 11506,3,HD 11506 c,Radial Velocity,0,1.22,223.92,0.228,127.1313628,0.02,0.37,0.054,6.35656814,-0.02,-0.37,-0.054,-6.35656814
TOI-663,3,TOI-663 d,Transit,0,0.514,7.1027268,,,0.012,2.97e-05,,,-0.012,-2.79e-05,,
HD 133131 A,3,HD 133131 A b,Radial Velocity,0,0.95,649.0,0.33,451.3186,,3.0,0.03,12.7132,,-3.0,-0.03,-12.7132
Kepler-770,3,Kepler-770 b,Transit,0,0.94,18.92540274,0.0,,0.053,5.291e-05,,,-0.057,-5.291e-05,,
HD 133131 B,3,HD 133131 B b,Radial Velocity,0,0.93,5769.0,0.61,794.575,,831.0,0.04,15.8915,,-831.0,-0.04,-15.8915
HD 73344,3,HD 73344 b,Transit,0,1.2,15.611,0.03,,0.02,3e-05,0.019,,-0.02,-3e-05,-0.013,
Kepler-529,3,Kepler-529 c,Transit,0,1.07,12.8345022,0.0,,0.056,3.659e-05,,,-0.057,-3.659e-05,,
Kepler-255,3,Kepler-255 d,Transit,0,0.9,1.045622658,0.0,,0.043,2.671e-06,,,-0.054,-2.671e-06,,
Kepler-758,4,Kepler-758 c,Transit,0,1.16,4.75793986,0.0,,0.122,3.846e-05,,,-0.082,-3.846e-05,,
Kepler-271,3,Kepler-271 c,Transit,0,0.9,7.41086267,0.0,,0.041,3.305e-05,,,-0.045,-3.305e-05,,
Kepler-968,3,Kepler-968 b,Transit,0,0.76,3.692983728,0.0,,0.026,3.606e-06,,,-0.04,-3.606e-06,,
Kepler-1073,3,Kepler-1073 b,Transit,0,1.0,8.67888593,0.0,,0.095,2.409e-05,,,-0.066,-2.409e-05,,
Kepler-1388,4,Kepler-1388 b,Transit,0,0.63,12.2854603,0.0,,0.021,8.795e-05,,,-0.03,-8.795e-05,,
Kepler-1254,3,Kepler-1254 b,Transit,0,0.78,9.99113313,0.0,,0.039,5.61e-05,,,-0.05,-5.61e-05,,
Kepler-616,3,Kepler-616 c,Transit,0,0.98,90.4113556,0.0,,0.058,0.0004522,,,-0.054,-0.0004522,,
Kepler-770,3,Kepler-770 d,Transit,0,0.94,4.15244722,0.0,,0.053,1.685e-05,,,-0.057,-1.685e-05,,
Kepler-398,3,Kepler-398 d,Transit,0,0.72,6.83437001,0.0,,0.024,1.518e-05,,,-0.028,-1.518e-05,,
Kepler-1321,3,Kepler-1321 c,Transit,0,0.54,2.226491086,0.0,,0.072,5.243e-06,,,-0.036,-5.243e-06,,
Kepler-1388,4,Kepler-1388 c,Transit,0,0.63,5.53608151,0.0,,0.021,2.88e-05,,,-0.03,-2.88e-05,,
Kepler-549,3,Kepler-549 c,Transit,0,0.88,117.040498,0.0,,0.039,0.001777,,,-0.047,-0.001777,,
Kepler-619,3,Kepler-619 c,Transit,0,1.09,1.208465026,0.0,,0.072,1.674e-06,,,-0.061,-1.674e-06,,
Kepler-217,3,Kepler-217 d,Transit,0,1.37,3.88689525,0.0,,0.157,2.241e-05,,,-0.124,-2.241e-05,,
Kepler-758,4,Kepler-758 d,Transit,0,1.16,20.4966197,0.0,,0.122,0.0002282,,,-0.082,-0.0002282,,
Kepler-1542,4,Kepler-1542 b,Transit,0,0.94,3.95116882,0.0,,0.032,1.633e-05,,,-0.031,-1.633e-05,,
Kepler-1254,3,Kepler-1254 d,Transit,0,0.78,5.72717226,0.0,,0.039,2.908e-05,,,-0.05,-2.908e-05,,
Kepler-245,4,Kepler-245 e,Transit,0,0.86,3.219821056,0.0,,0.03,4.735e-06,,,-0.032,-4.735e-06,,
Kepler-132,4,Kepler-132 e,Transit,0,1.03,110.2869374,0.0,,0.057,0.000878,,,-0.055,-0.000878,,
Kepler-154,5,Kepler-154 e,Transit,0,0.98,3.93276465,0.0,,0.04,1.225e-05,,,-0.044,-1.225e-05,,
Kepler-1530,3,Kepler-1530 b,Transit,0,0.92,2.5904434,0.0,,0.04,0.0001715,,,-0.043,-0.0001715,,
Kepler-1530,3,Kepler-1530 c,Transit,0,0.92,5.3227406,0.0,,0.04,0.0006331,,,-0.043,-0.0006331,,
Kepler-342,4,Kepler-342 e,Transit,0,1.26,1.644224613,0.0,,0.047,6.213e-06,,,-0.04,-6.213e-06,,
Kepler-1073,3,Kepler-1073 c,Transit,0,1.0,4.02582254,0.0,,0.095,1.484e-05,,,-0.066,-1.484e-05,,
Kepler-1468,3,Kepler-1468 b,Transit,0,1.04,8.23984869,0.0,,0.083,3.988e-05,,,-0.075,-3.988e-05,,
Kepler-154,5,Kepler-154 d,Transit,0,0.98,20.54981883,0.0,,0.04,2.572e-05,,,-0.044,-2.572e-05,,
Kepler-148,3,Kepler-148 d,Transit,0,0.86,51.84688575,0.0,,0.038,2.57e-05,,,-0.044,-2.57e-05,,
Kepler-1388,4,Kepler-1388 e,Transit,0,0.63,37.6327084,0.0,,0.021,0.0007269,,,-0.03,-0.0007269,,
Kepler-619,3,Kepler-619 b,Transit,0,1.09,5.404272197,0.0,,0.072,5.55e-06,,,-0.061,-5.55e-06,,
Kepler-603,3,Kepler-603 b,Transit,0,1.01,21.05358596,0.0,,0.063,8.943e-05,,,-0.063,-8.943e-05,,
TOI-1246,4,TOI-1246 d,Transit,0,0.8889,18.654874,0.0,,0.0303,5.5e-05,,,-0.0302,-5.5e-05,,
TOI-1246,4,TOI-1246 e,Transit,0,0.8889,37.92548,0.0,,0.0303,0.00016,,,-0.0302,-0.00016,,
K2-72,4,K2-72 c,Transit,0,0.271365,15.189034,0.11,,0.079196,0.003128,0.20197,,-0.090624,-0.003149,-0.091536,
K2-16,3,K2-16 b,Transit,0,0.68,7.6188,,,0.03,0.00087,,,-0.03,-0.00087,,
K2-16,3,K2-16 c,Transit,0,0.68,19.07863,,,0.03,0.00327,,,-0.03,-0.00327,,
Kepler-223,4,Kepler-223 e,Transit,0,1.125,19.72567,0.051,,0.094,0.00055,0.019,,-0.073,-0.00054,-0.019,
Kepler-223,4,Kepler-223 b,Transit,0,1.125,7.38449,0.078,,0.094,0.00022,0.015,,-0.073,-0.00022,-0.017,
Kepler-223,4,Kepler-223 d,Transit,0,1.125,14.78869,0.037,,0.094,0.0003,0.018,,-0.073,-0.00027,-0.017,
TOI-2267 B,3,TOI-2267 d,Transit,0,0.0989,2.0344671,,,0.013,2.3e-06,,,-0.013,-2.3e-06,,
Kepler-80,6,Kepler-80 d,Transit,0,0.73,3.07222,0.0041,,0.03,6e-05,0.0037,,-0.03,-4e-05,-0.0028,
Kepler-80,6,Kepler-80 c,Transit,0,0.73,9.52355,0.0079,,0.03,0.00041,0.004,,-0.03,-0.00029,-0.0037,
HD 34445,6,HD 34445 c,Radial Velocity,0,1.07,214.67,0.036,53.5,0.02,0.45,0.071,5.0,-0.02,-0.45,-0.036,-5.0
HD 37124,3,HD 37124 c,Radial Velocity,0,0.85,885.5,0.125,207.22516,,5.1,0.055,16.52716,,-5.1,-0.055,-16.52716
HD 34445,6,HD 34445 g,Radial Velocity,0,1.07,5700.0,0.032,120.6,0.02,1500.0,0.08,38.9,-0.02,-1500.0,-0.032,-38.9
Wolf 1061,3,Wolf 1061 c,Radial Velocity,0,0.294,17.8719,0.11,3.41,,0.0059,0.1,0.43,,-0.0059,-0.07,-0.41
GJ 3293,4,GJ 3293 b,Radial Velocity,0,0.42,30.5987,0.06,23.54,,0.0083,0.04,0.88,,-0.0084,-0.04,-0.89
HD 219134,6,HD 219134 d,Radial Velocity,0,0.81,46.859,0.138,16.3999458012,0.03,0.028,0.025,1.0170509024,-0.03,-0.028,-0.025,-0.953485221
HD 219134,6,HD 219134 g,Radial Velocity,1,0.794,94.2,0.0,10.80622,0.037,0.2,,1.27132,-0.022,-0.2,,-1.27132
GJ 3293,4,GJ 3293 c,Radial Velocity,0,0.42,122.6196,0.11,21.09,,0.2429,0.1,1.24,,-0.2371,-0.08,-1.26
K2-58,3,K2-58 d,Transit,0,0.89,22.8827,,,0.08,0.004,,,-0.08,-0.004,,
HD 215152,4,HD 215152 d,Radial Velocity,0,0.77,10.86499,0.0,2.801,0.015,0.00564,,0.809,-0.015,-0.00613,,-0.923
L 98-59,5,L 98-59 e,Radial Velocity,0,0.2923,12.8278,0.012,2.82,0.0067,0.0018,0.009,0.19,-0.0067,-0.0018,-0.008,-0.19
L 98-59,5,L 98-59 f,Radial Velocity,0,0.2923,23.064,0.044,2.8,0.0067,0.055,0.027,0.3,-0.0067,-0.055,-0.028,-0.3
Kepler-80,6,Kepler-80 g,Transit,0,0.83,14.64558,0.1303,,0.03,0.00012,0.0034,,-0.03,-0.00012,-0.0037,
K2-219,3,K2-219 b,Transit,0,1.021545,3.901287,,,0.033902,0.00066,,,-0.029772,-0.000677,,
HD 215152,4,HD 215152 b,Radial Velocity,0,0.77,5.75999,0.0,1.819,0.015,0.00157,,0.501,-0.015,-0.00175,,-0.629
K2-219,3,K2-219 c,Transit,0,1.021545,6.66767,,,0.033902,0.001283,,,-0.029772,-0.001569,,
K2-219,3,K2-219 d,Transit,0,1.021545,11.137278,,,0.033902,0.000808,,,-0.029772,-0.000786,,
GJ 3138,3,GJ 3138 b,Radial Velocity,0,0.681,1.22003,0.19,1.78,,6e-05,0.18,0.34,,-4e-05,-0.13,-0.33
HD 7924,3,HD 7924 c,Radial Velocity,0,0.832,15.299,0.098,7.86,0.022,0.0032,0.096,0.73,-0.036,-0.0033,-0.069,-0.71
K2-80,3,K2-80 d,Transit,0,0.913111,28.867253,,,0.020845,0.00514,,,-0.024425,-0.004625,,
GJ 3138,3,GJ 3138 d,Radial Velocity,0,0.681,257.8,0.32,10.5,,3.6,0.2,2.3,,-3.5,-0.21,-2.1
HD 191939,6,HD 191939 e,Radial Velocity,0,0.81,101.12,0.031,112.2,0.04,0.13,0.008,4.0,-0.04,-0.13,-0.016,-4.0
TOI-469,3,TOI-469.01,Transit,0,0.901,13.6308205,0.0,,0.043,9e-06,,,-0.043,-9e-06,,
Kepler-289,4,Kepler-289 c,Transit,0,1.08,125.8723,0.0,,0.02,0.0035,,,-0.02,-0.0021,,
GJ 3293,4,GJ 3293 e,Radial Velocity,0,0.42,13.2543,0.21,3.28,,0.0078,0.2,0.64,,-0.0104,-0.14,-0.64
GJ 3293,4,GJ 3293 d,Radial Velocity,0,0.42,48.1345,0.12,7.6,,0.0628,0.13,1.05,,-0.0661,-0.09,-1.05
K2-148,3,K2-148 d,Transit,0,0.65,9.7579,,,0.061,0.001,,,-0.061,-0.001,,
K2-148,3,K2-148 b,Transit,0,0.65,4.38395,,,0.061,0.0008,,,-0.061,-0.0008,,
Kepler-150,5,Kepler-150 f,Transit,0,0.97,637.2093,,,,0.0169,,,,-0.0154,,
HD 40307,5,HD 40307 g,Radial Velocity,1,0.77,197.8,0.29,7.1,0.05,5.7,0.31,2.6,-0.05,-9.0,-0.29,-2.6
HIP 57274,3,HIP 57274 b,Radial Velocity,0,0.29,8.1352,0.19,6.3566,0.3,0.004,0.1,3.1783,-0.3,-0.004,-0.1,-3.1783
HD 73344,3,HD 73344 d,Radial Velocity,0,1.19,5823.0,0.18,702.40077947,0.05,312.0,0.14,108.06165838,-0.05,-308.0,-0.12,-111.23994245
K2-239,3,K2-239 c,Transit,0,0.4,7.775,,,0.01,0.001,,,-0.01,-0.001,,
Kepler-289,4,Kepler-289 e,Transit,0,1.061,330.0716,0.0,,0.011,0.0063,,,-0.035,-0.0063,,
TOI-561,4,TOI-561 c,Transit,0,0.806,10.778838,0.023,,0.036,1.8e-05,0.034,,-0.036,-1.8e-05,-0.017,
HR 858,3,HR 858 c,Transit,0,1.204,5.973865,0.0,,0.052,1.5e-05,,,-0.052,-1.6e-05,,
TOI-1266,3,TOI-1266 b,Transit,0,0.437,10.8945,0.039,,0.021,0.00023,0.035,,-0.021,-0.00026,-0.025,
HD 191939,6,HD 191939 g,Radial Velocity,0,0.81,284.0,0.03,13.5,0.04,10.0,0.025,2.0,-0.04,-8.0,-0.011,-2.0
ups And,3,ups And b,Radial Velocity,0,1.3,4.617033,0.0215,218.531,,2.3e-05,0.0007,1.39839,,-2.3e-05,-0.0007,-1.39839
HD 20781,5,HD 20781 b,Radial Velocity,0,0.7,5.3135,0.1,1.93,,0.001,0.11,0.39,,-0.001,-0.07,-0.36
TOI-1117,3,TOI-1117 c,Radial Velocity,0,0.97,4.579,0.0,8.78,0.02,0.004,,1.19,-0.02,-0.004,,-1.21
TOI-1117,3,TOI-1117 d,Radial Velocity,0,0.97,8.665,0.0,10.71,0.02,0.011,,1.59,-0.02,-0.011,,-1.58
HD 20781,5,HD 20781 e,Radial Velocity,0,0.7,85.5073,0.06,14.03,,0.0983,0.06,1.56,,-0.0947,-0.04,-1.56
HD 20781,5,HD 20781 d,Radial Velocity,0,0.7,29.158,0.11,10.61,,0.0102,0.05,1.2,,-0.01,-0.06,-1.19
Kepler-10,3,Kepler-10 d,Radial Velocity,0,0.91,151.06,0.19,12.0,0.021,0.48,0.1,2.15,-0.021,-0.48,-0.1,-2.15
TOI-1117,3,TOI-1117 b,Transit,0,0.97,2.22816,0.0,,0.02,1e-05,,,-0.02,-1e-05,,
LHS 1903,4,LHS 1903 e,Transit,0,0.538,29.31773,0.014,,0.039,0.00028,0.015,,-0.03,-0.00025,-0.01,
47 UMa,3,47 UMa b,Radial Velocity,0,1.06,1078.0,0.032,804.08,0.128402,2.0,0.014,22.25,-0.137608,-2.0,-0.014,-19.07
HIP 41378,6,HIP 41378 c,Transit,0,1.16,31.70603,,,0.04,6e-05,,,-0.04,-6e-05,,
HIP 41378,6,HIP 41378 d,Transit,0,1.16,278.3618,0.0,,0.04,0.0005,,,-0.04,-0.0005,,
Kepler-9,3,Kepler-9 c,Transit,0,1.022,38.9853,0.06691,27.28726784,0.029,0.0003,0.0001,14.37211372,-0.039,-0.0003,-0.00012,-14.37211372
TOI-2267 A,3,TOI-2267 c,Transit,0,0.171,3.4950412,,,0.0079,2.2e-06,,,-0.0079,-2.2e-06,,
TOI-178,6,TOI-178 c,Transit,0,0.647,3.238486,0.00032,,0.03,1.2e-05,0.00065,,-0.029,-1.1e-05,-0.0002,
TOI-178,6,TOI-178 e,Transit,0,0.647,9.96318,0.00038,,0.03,0.00015,0.00067,,-0.029,-0.00012,-0.00025,
HIP 41378,6,HIP 41378 g,Radial Velocity,0,1.16,62.06,,7.0,0.04,0.32,,1.5,-0.04,-0.32,,-1.5
DMPP-2,3,DMPP-2 c,Radial Velocity,0,1.41,3.168,0.28,51.79,0.04,0.355,,5.43,-0.04,-0.002,,-5.49
Kepler-47,3,Kepler-47 b,Transit,0,0.957,49.4643,0.021,,0.013,0.0081,0.0025,,-0.015,-0.0074,-0.0022,
Kepler-82,5,Kepler-82 f,Transit Timing Variations,0,0.91,75.732,0.0014,,0.03,0.012,0.0018,,-0.03,-0.012,-0.001,
Kepler-47,3,Kepler-47 d,Transit,0,0.957,187.366,0.024,,0.013,0.069,0.025,,-0.015,-0.051,-0.017,
Kepler-82,5,Kepler-82 b,Transit,0,0.91,26.44,0.0033,,0.03,0.48,0.0019,,-0.03,-0.48,-0.00017,
TOI-2141,3,TOI-2141 c,Radial Velocity,0,0.896,5.4624,,6.14,0.059,0.0026,,0.86,-0.051,-0.0027,,-0.86
HD 63433,3,HD 63433 b,Transit,0,0.956,7.1079475,0.24,,0.022,8.9e-06,0.27,,-0.022,-8.8e-06,-0.18,
HD 28471,3,HD 28471 c,Radial Velocity,0,0.98,6.1245,0.088,5.72,0.044,0.0856,0.058,0.57,-0.044,-0.0009,-0.054,-0.72
HD 28471,3,HD 28471 d,Radial Velocity,0,0.98,11.681,0.093,4.91,0.044,0.0042,0.064,0.82,-0.044,-0.0055,-0.058,-0.77
55 Cnc B,7,55 Cnc B c,Radial Velocity,0,0.26,33.747,0.0,5.3,0.02,0.035,,1.4,-0.02,-0.035,,-1.4
HD 63433,3,HD 63433 c,Transit,0,0.956,20.5438281,0.21,,0.022,2.38e-05,0.33,,-0.022,-2.36e-05,-0.14,
55 Cnc,7,55 Cnc e,Radial Velocity,0,0.905,0.7365474,0.05,9.35,0.015,1.3e-06,0.03,0.44,-0.015,-1.4e-06,-0.03,-0.44
EPIC 206024342,3,EPIC 206024342 b,Transit,0,0.928,4.50756,,,0.082,0.00062,,,-0.098,-0.0006,,
TOI-178,6,TOI-178 g,Transit,0,0.647,20.71663,0.00043,,0.03,0.00031,0.00065,,-0.029,-0.0003,-0.00028,
TOI-178,6,TOI-178 b,Transit,0,0.647,1.9145601,,,0.03,4.4e-06,,,-0.029,-2.9e-06,,
TOI-178,6,TOI-178 f,Transit,0,0.647,15.23335,0.00045,,0.03,0.00024,0.0007,,-0.029,-0.00025,-0.00026,
GJ 433,3,GJ 433 c,Radial Velocity,0,0.48,5094.105,0.12,32.422,,608.617,0.07,6.329,,-608.617,-0.07,-6.329
KOI-142,3,KOI-142 c,Transit Timing Variations,0,0.99,22.26492,0.05724,207.714175,0.023,0.00067,0.00045,7.483480792,-0.023,-0.00067,-0.00045,-7.483480792
EPIC 249893012,3,EPIC 249893012 b,Transit,0,1.05,3.5951,0.06,,0.05,0.0003,0.08,,-0.05,-0.0003,-0.04,
EPIC 249893012,3,EPIC 249893012 c,Transit,0,1.05,15.624,0.07,,0.05,0.001,0.08,,-0.05,-0.001,-0.05,
KOI-142,3,KOI-142 b,Transit,0,0.99,10.91647,0.05561,11.3568015,0.023,0.00014,0.00013,5.101639051,-0.023,-0.00014,-0.00013,-5.101639051
Kepler-1987,4,Kepler-1987 b,Transit,0,0.799,2.345863002,0.0,,0.041,9.55e-06,,,-0.081,-9.55e-06,,
EPIC 249893012,3,EPIC 249893012 d,Transit,0,1.05,35.747,0.15,,0.05,0.005,0.21,,-0.05,-0.005,-0.11,
Kepler-416,3,Kepler-416 d,Transit,0,0.949,3.07644709,0.0,,0.067,1.038e-05,,,-0.055,-1.038e-05,,
Kepler-160,3,Kepler-160 b,Transit,0,1.003,4.309397,0.0,,0.036,1.3e-05,,,-0.034,-1.2e-05,,
Kepler-290,3,Kepler-290 d,Transit,0,0.84,0.764017553,0.0,,0.065,3.767e-06,,,-0.09,-3.767e-06,,
Kepler-549,3,Kepler-549 d,Transit,0,0.859,24.61480613,0.0,,0.06,3.227e-05,,,-0.033,-3.227e-05,,
HD 160691,4,HD 160691 b,Radial Velocity,0,1.13,645.0,0.0505,556.0,0.02,0.3,0.0094,21.0,-0.02,-0.3,-0.0093,-21.0
TOI-2076,4,TOI-2076 d,Transit,0,0.849,35.12803,0.027,,0.026,0.00059,,,-0.026,-0.00059,,
Kepler-763,3,Kepler-763 d,Transit,0,0.8,6.50327035,0.0,,0.048,3.134e-05,,,-0.028,-3.134e-05,,
GJ 1061,3,GJ 1061 d,Radial Velocity,0,0.12,13.066,0.04,1.64,0.01,0.002,0.04,0.24,-0.01,-0.002,-0.03,-0.23
Kepler-297,3,Kepler-297 d,Transit,0,0.846,150.0189511,0.0,,0.059,0.0001744,,,-0.049,-0.0001744,,
Kepler-164,4,Kepler-164 e,Transit,0,0.966,94.886902,0.0,,0.075,0.001216,,,-0.068,-0.001216,,
GJ 180,3,GJ 180 b,Radial Velocity,0,0.43,17.133,0.07,6.49,,0.003,0.04,0.68,,-0.003,-0.04,-0.68
HD 164922,4,HD 164922 c,Radial Velocity,0,0.926,75.74,0.12,13.0,0.029,0.06,0.11,3.0,-0.035,-0.05,-0.09,-2.0
TOI-7510,3,TOI-7510 c,Transit,0,1.063,22.5687423,0.0091,,0.065,,0.01,,-0.065,,-0.0062,
HD 160691,4,HD 160691 d,Radial Velocity,0,1.13,9.6392,0.0,10.49,0.02,0.0006,0.02,0.83,-0.02,-0.0006,-0.02,-0.81
HD 164922,4,HD 164922 e,Radial Velocity,0,0.921146,41.763,0.086,10.5201202717,0.031836,0.012,0.083,0.9852680617,-0.031836,-0.012,-0.06,-0.9852680617
Kepler-1669,3,Kepler-1669 b,Transit,0,0.67,9.51216,0.0,,,,,,,,,
EPIC 206024342,3,EPIC 206024342 d,Transit,0,0.928,14.647531,,,0.082,4.1e-06,,,-0.098,-4.1e-06,,
EPIC 206024342,3,EPIC 206024342 c,Transit,0,0.928,0.911724,,,0.082,7.6e-05,,,-0.098,-7.6e-05,,
Kepler-324,4,KOI-1831 d,Transit,0,0.901,34.169,0.0,,0.017,,,,-0.027,,,
Kepler-968,3,KOI-1833 d,Transit,0,0.681,7.685,0.0,,0.025,,,,-0.024,,,
DMPP-2,3,DMPP-2 d,Radial Velocity,0,1.41,16.491,0.1,91.79,0.04,0.067,,6.11,-0.04,-0.053,,-7.32
HD 93385,3,HD 93385 c,Radial Velocity,0,1.04,13.18,0.2,7.1,0.01,0.003,,0.6,-0.01,-0.003,,-0.6
HD 93385,3,HD 93385 b,Radial Velocity,0,1.04,7.3426,0.295,4.2,0.01,0.0012,,0.5,-0.01,-0.0012,,-0.5
HD 96700,3,HD 96700 d,Radial Velocity,0,0.89,103.5,0.27,12.7,0.01,0.1,0.08,1.0,-0.01,-0.1,-0.08,-1.0
HD 96700,3,HD 96700 b,Radial Velocity,0,0.89,8.1245,0.138,8.9,0.01,0.0006,,0.4,-0.01,-0.0006,,-0.4
K2-352,3,K2-352 d,Transit,0,0.98,14.871387,,,0.04,0.000916,,,-0.04,-0.000936,,
K2-187,4,K2-187 c,Transit,0,0.966999,2.871512,,,0.025227,0.00012,,,-0.024169,-0.00012,,
K2-268,5,K2-268 f,Transit,0,0.84,26.27057,,,0.02,0.000105,,,-0.02,-0.000109,,
K2-187,4,K2-187 b,Transit,0,0.966999,0.77401,,,0.025227,8.3e-05,,,-0.024169,-8.3e-05,,
Kepler-129,3,Kepler-129 d,Radial Velocity,0,1.178,2646.0,0.15,2637.9757781,0.021,140.0,0.07,349.6112477,-0.03,-94.0,-0.05,-222.4798849
Kepler-1311,3,Kepler-1311 d,Transit,0,1.032,197.5110016,0.0,,0.107,,,,-0.097,,,
Kepler-1130,3,Kepler-1130 c,Transit,0,0.944,3.266639948,0.0,,0.039,,,,-0.066,,,
K2-381,3,K2-381 b,Transit,0,0.754,7.9389334,,,0.337,0.000596,,,-0.239,-0.000592,,
Kepler-529,3,Kepler-529 d,Transit,0,1.005,35.86619949,0.0,,0.091,,,,-0.063,,,
YZ Cet,3,YZ Cet b,Radial Velocity,0,0.142,2.02087,0.06,0.7,0.01,7e-05,0.06,0.09,-0.01,-9e-05,-0.04,-0.08
YZ Cet,3,YZ Cet c,Radial Velocity,0,0.142,3.05989,0.0,1.14,0.01,0.0001,,0.11,-0.01,-0.0001,,-0.1
Kepler-167,4,Kepler-167 e,Transit,0,0.777,1071.23205,0.29,,0.034,0.00059,,,-0.031,-0.00058,,
HD 181433,3,HD 181433 d,Radial Velocity,0,0.86,6896.1,0.444,206.91,0.06,102.7,0.02,10.49,-0.06,-123.7,-0.018,-10.49
K2-384,5,K2-384 b,Transit,0,0.33,2.231527,,,0.009,0.000194,,,-0.009,-0.000325,,
K2-384,5,K2-384 c,Transit,0,0.33,4.194766,,,0.009,0.000309,,,-0.009,-0.000189,,
HD 39091,3,HD 39091 b,Radial Velocity,0,1.07,2088.8,0.642,3143.32294523,0.04,0.4,0.001,79.45710175,-0.04,-0.4,-0.001,-79.45710175
HD 39091,3,pi Men d,Radial Velocity,0,1.07,124.64,0.22,13.38,0.04,0.48,0.079,1.35,-0.04,-0.52,-0.079,-1.35
K2-384,5,K2-384 e,Transit,0,0.33,9.715043,,,0.009,0.001003,,,-0.009,-0.000739,,
2MASS J19383260+4603591,3,2MASS J19383260+4603591 b,Eclipse Timing Variations,0,0.48,406.0,0.33,591.16083702,,4.0,0.05,15.89142035,,-4.0,-0.05,-15.89142035
2MASS J19383260+4603591,3,Kepler-451 d,Eclipse Timing Variations,0,0.48,43.0,0.0,559.37799632,,0.1,,57.20911326,,-0.1,,-57.20911326
HD 7924,3,HD 7924 d,Radial Velocity,0,0.832,24.451,0.21,6.44,0.022,0.015,0.13,0.79,-0.036,-0.017,-0.12,-0.78
HD 33142,3,HD 33142 b,Radial Velocity,0,1.52,330.0,0.049,400.46379282,0.03,0.4,0.032,15.89142035,-0.03,-0.4,-0.03,-15.89142035
HD 33142,3,HD 33142 c,Radial Velocity,0,1.52,810.2,0.081,282.86728223,0.03,3.8,0.055,19.06970442,-0.03,-4.2,-0.047,-15.89142035
HD 142,3,HD 142 A d,Radial Velocity,0,1.21,108.45299,0.13,82.63538582,0.17,0.09021,0.103,10.170509024,-0.17,-0.08819,-0.085,-11.441822652
HD 125612,3,HD 125612 c,Radial Velocity,0,1.05,4.15466,0.149,15.573591943,0.131,0.00043,0.141,2.542627256,-0.131,-0.0004,-0.093,-2.860455663
GJ 676 A,4,GJ 676 A c,Radial Velocity,0,0.626,13921.42302,0.295,2161.244,0.063,1232.33794,0.033,31.783,-0.063,-1514.65143,-0.049,-31.783
HD 142,3,HD 142 b,Radial Velocity,0,1.21,351.43394,0.158,396.967680343,0.17,0.3746,0.033,38.13940884,-0.17,-0.3777,-0.03,-41.31769291
HD 153557,3,HD 153557 d,Radial Velocity,0,0.79,40654.64809,0.152,,0.091,3874.17546,0.06,,-0.091,-4234.02733,-0.047,
HD 204313,3,HD 204313 c,Radial Velocity,0,1.03,34.95875,0.059,17.162733978,0.132,0.0105,0.051,1.589142035,-0.132,-0.01156,-0.041,-1.589142035
HD 204313,3,HD 204313 e,Radial Velocity,0,1.03,7325.64666,0.253,5085.254512,0.132,399.88029,0.071,4449.597698,-0.132,-369.05892,-0.065,-3178.28407
HD 142,3,HD 142 c,Radial Velocity,0,1.21,10159.64279,0.277,1684.4,0.17,380.8401,0.026,222.5,-0.17,-321.75084,-0.027,-222.5
HD 10180,6,HD 10180 e,Radial Velocity,0,1.06,49.748,0.051,25.585315,0.05,0.025,0.033,1.017056,-0.05,-0.025,-0.033,-1.017056
Kepler-138,4,Kepler-138 b,Transit,0,0.535,10.3134,0.02,,0.012,0.0003,0.009,,-0.012,-0.0003,-0.009,
WASP-47,4,WASP-47 d,Transit,0,1.058,9.030501,0.001,,0.047,1.3e-05,0.0008,,-0.047,-1.3e-05,-0.0007,
Kepler-138,4,Kepler-138 d,Transit,0,0.535,23.0923,0.01,,0.012,0.0006,0.005,,-0.012,-0.0006,-0.005,
Kepler-138,4,Kepler-138 c,Transit,0,0.535,13.7815,0.017,,0.012,7e-05,0.008,,-0.012,-9e-05,-0.007,
K2-3,3,K2-3 b,Transit,0,0.549,10.0546535,0.107,,0.029,8.8e-06,0.057,,-0.027,-9.1e-06,-0.059,
HD 184010,3,HD 184010 d,Radial Velocity,0,1.35,836.4,0.0,143.02278315,0.19,8.4,,12.71313628,-0.21,-8.4,,-19.06970442
HD 184010,3,HD 184010 b,Radial Velocity,0,1.35,286.6,0.0,98.52680617,0.19,2.4,,9.53485221,-0.21,-0.7,,-12.71313628
Kepler-107,4,Kepler-107 e,Transit,0,1.238,14.749143,0.1,,0.029,1.9e-05,,,-0.029,-1.9e-05,,
Kepler-454,3,Kepler-454 d,Radial Velocity,0,1.03,4073.0,0.089,734.18362017,0.04,399.0,0.036,85.81366989,-0.03,-186.0,-0.027,-50.85254512
Kepler-20,6,Kepler-20 f,Transit,0,0.929,19.578328,0.094,,0.053,4.8e-05,,,-0.053,-4.8e-05,,
HD 108236,5,HD 108236 b,Transit,0,0.869,3.795963,0.045,,0.05,2.5e-05,0.039,,-0.048,-3.4e-05,-0.033,
Kepler-454,3,Kepler-454 b,Transit,0,1.03,10.5737534,0.32,5.286350324,0.04,7.8e-06,,2.219525868,-0.03,-7.8e-06,,-2.219525868
Kepler-20,6,Kepler-20 c,Transit,0,0.929,10.8540774,0.076,13.55003079,0.053,2.1e-06,,2.251909843,-0.053,-2.1e-06,,-2.251909843
Kepler-289,4,Kepler-289 d,Transit,0,1.08,66.0282,,,0.02,0.0044,,,-0.02,-0.0039,,
Kepler-139,5,Kepler-139 e,Radial Velocity,0,1.078,2047.635373,0.013121,426.1158152,0.0255,65.623783,0.046302,42.68703762,-0.0255,-65.623783,-0.046302,-42.68703762
HD 134606,5,HD 134606 b,Radial Velocity,0,1.046,12.089,0.092,9.09,0.07,0.0016,0.054,0.64,-0.059,-0.0015,-0.053,-0.63
HD 134606,5,HD 134606 c,Radial Velocity,0,1.046,58.883,0.055,11.31,0.07,0.041,0.062,1.0,-0.059,-0.039,-0.04,-0.99
HD 134606,5,HD 134606 d,Radial Velocity,0,1.046,966.5,0.092,44.8,0.07,5.3,0.045,2.9,-0.059,-6.9,-0.045,-2.9
HD 134606,5,HD 134606 e,Radial Velocity,0,1.046,4.3203,0.2,2.34,0.07,0.00051,0.14,0.35,-0.059,-0.00047,-0.13,-0.34
Kepler-257,3,Kepler-257 b,Transit,0,0.916,2.382667,0.0,,0.017,6e-06,,,-0.017,-6e-06,,
Teegarden's Star,3,Teegarden's Star b,Radial Velocity,0,0.097,4.90634,0.03,1.16,0.01,0.00041,0.04,0.12,-0.01,-0.00041,-0.02,-0.11
Teegarden's Star,3,Teegarden's Star c,Radial Velocity,0,0.097,11.416,0.04,1.05,0.01,0.003,0.07,0.14,-0.01,-0.003,-0.03,-0.13
Teegarden's Star,3,Teegarden's Star d,Radial Velocity,0,0.097,26.13,0.07,0.82,0.01,0.03,0.1,0.17,-0.01,-0.04,-0.05,-0.17
Kepler-23,3,Kepler-23 c,Transit,0,1.078,10.74,0.021,,0.077,,0.009,,-0.077,,-0.014,
Kepler-305,4,Kepler-305 d,Transit,0,0.827,16.74,0.0,,0.046,,,,-0.046,,,
TOI-1136,6,TOI-1136 b,Transit,0,1.022,4.1727,0.027,,0.027,0.0003,0.009,,-0.027,-0.0003,-0.009,
TOI-5789,4,TOI-5789 c,Transit,0,0.821,12.927748,0.067,,0.032,1.6e-05,,,-0.027,-1.6e-05,,
TOI-5789,4,TOI-5789 b,Radial Velocity,0,0.821,2.76369,0.0,2.12,0.032,0.00096,,0.28,-0.027,-0.00096,,-0.28
TOI-1266,3,TOI-1266 c,Transit,0,0.437,18.8027,0.071,,0.021,0.00126,,,-0.021,-0.00116,,
HD 48948,3,HD 48948 c,Radial Velocity,0,0.686,38.06,0.55,7.27,0.02,0.06,0.044,0.7,-0.013,-0.06,-0.044,-0.7
Kepler-24,4,Kepler-24 c,Transit,0,1.06,12.33,0.014,,0.069,,0.011,,-0.069,,-0.011,
Kepler-24,4,Kepler-24 b,Transit,0,1.06,8.14,0.023,,0.069,,0.014,,-0.069,,-0.016,
TOI-1203,4,TOI-1203.01,Transit,0,0.886,25.502672,0.032,,0.036,3.1e-05,0.034,,-0.036,-2.8e-05,-0.023,
WASP-47,4,WASP-47 b,Transit,0,1.058,4.159151,0.0006,,0.047,4e-07,0.0005,,-0.047,-4e-07,-0.0002,
TOI-700,4,TOI-700 d,Transit,0,0.415,37.42396,0.042,,0.021,0.00039,0.045,,-0.02,-0.00035,-0.03,
K2-19,3,K2-19 b,Transit,0,0.892,7.922806,0.043,,0.034,9e-05,0.024,,-0.034,-9e-05,-0.024,
K2-19,3,K2-19 c,Transit,0,0.892,11.8977,0.067,,0.034,0.00046,0.017,,-0.034,-0.00046,-0.017,
XO-2 N,3,XO-2 N b,Transit,0,0.971,2.61586178,0.028,,,,0.038,,,,-0.022,
Kepler-222,3,Kepler-222 d,Transit,0,0.933,28.081912,0.0,,0.019,6.9e-05,,,-0.011,-6.9e-05,,
GJ 581,3,GJ 581 e,Radial Velocity,0,0.295,3.1481,0.012,1.7,0.01,0.0004,0.015,0.2,-0.01,-0.0004,-0.008,-0.2
Kepler-279,4,Kepler-279 e,Transit,0,1.164,98.3531,0.0,,0.134,0.0018,,,-0.134,-0.0018,,
GJ 3998,3,GJ 3998 c,Radial Velocity,0,0.52,13.727,0.0,6.82,0.05,0.003,,0.78,-0.05,-0.004,,-0.75
Barnard's star,4,Barnard d,Radial Velocity,0,0.162,2.3402,0.04,0.263,0.007,0.0003,0.05,0.024,-0.007,-0.0003,-0.03,-0.024
Kepler-450,3,Kepler-450 b,Transit,0,1.19,28.454851,0.02,,0.197747,2.5e-05,0.14,,-0.142064,-2.5e-05,-0.02,
K2-37,3,K2-37 c,Transit,0,0.84,6.42966,,,0.03,0.00018,,,-0.03,-0.00018,,
K2-37,3,K2-37 d,Transit,0,0.84,14.09229,,,0.03,0.00055,,,-0.03,-0.00055,,
HD 73344,3,HD 73344 c,Radial Velocity,0,1.19,65.94,0.124,118.549995811,0.05,0.02,0.052,6.992224954,-0.05,-0.02,-0.053,-6.674396547
Kepler-228,3,Kepler-228 c,Transit,0,1.006,4.134444,0.0,,0.035,1.8e-05,,,-0.033,-1.8e-05,,
K2-233,3,K2-233 c,Transit,0,0.79,7.06024,0.0,,0.01,0.00044,,,-0.01,-0.00043,,
HD 224018,3,HD 224018 b,Radial Velocity,0,1.013,10.6413,0.06,,0.069,0.0028,0.07,,-0.061,-0.0028,-0.04,
KOI-351,8,KOI-351 h,Transit,0,1.242,331.60296,0.0276,235.7495194,0.096,0.00034,0.0031,33.4383406,-0.097,-0.00034,-0.0031,-33.4383406
Kepler-166,3,Kepler-166 d,Transit,0,0.88,1.554003928,0.0,,0.04,1.435e-06,,,-0.05,-1.435e-06,,
GJ 1061,3,GJ 1061 b,Radial Velocity,0,0.12,3.2073,0.05,1.37,0.01,0.0002,0.5,0.16,-0.01,-0.0003,-0.03,-0.15
ups And,3,ups And d,Radial Velocity,0,1.3,1276.46,0.2987,1313.22,,0.57,0.0072,9.21668,,-0.57,-0.0072,-9.21668
Kepler-9,3,Kepler-9 d,Transit,0,1.07,1.592851,0.0,8.414660528,0.05,4.5e-05,,4.189405223,-0.05,-4.5e-05,,-4.189405223
K2-183,3,K2-183 b,Transit,0,0.942219,0.469285,,,0.021244,6.4e-05,,,-0.024592,-6.4e-05,,
K2-187,4,K2-187 e,Transit,0,0.966999,13.606629,,,0.025227,3.6e-06,,,-0.024169,-3.6e-06,,
Kepler-257,3,Kepler-257 d,Transit,0,0.916,24.664551,0.0,,0.017,5.1e-05,,,-0.017,-5.1e-05,,
Kepler-42,3,Kepler-42 b,Transit,0,0.13,1.2137672,0.04,,0.05,4.6e-06,0.2,,-0.05,-4.6e-06,-0.04,
K2-381,3,K2-381 c,Transit,0,0.754,16.034656,,,0.337,0.001844,,,-0.239,-0.001572,,
Kepler-197,4,Kepler-197 b,Transit,0,0.857,5.599308,0.02,,0.023,2.3e-05,0.23,,-0.019,-2.3e-05,-0.02,
K2-157,3,K2-157 b,Transit,0,0.89,0.3652575,,,0.029,7.8e-06,,,-0.029,-8.8e-06,,
GJ 433,3,GJ 433 b,Radial Velocity,0,0.48,7.3705,0.04,6.043,,0.0005,0.03,0.597,,-0.0005,-0.03,-0.597
Kepler-65,4,Kepler-65 c,Transit,0,1.25,5.859944,0.02,4.983179196,0.06,3e-06,0.022,4.01794012,-0.06,-3e-06,-0.013,-4.01794012
GJ 676 A,4,GJ 676 A b,Radial Velocity,0,0.626,1051.44521,0.319,1557.301,0.063,0.37707,0.003,0.0,-0.063,-0.40023,-0.003,0.0
HD 125612,3,HD 125612 d,Radial Velocity,0,1.05,2822.72698,0.115,2313.8024,0.131,15.02596,0.012,295.5819,-0.131,-15.41723,-0.012,-295.5819
GJ 581,3,GJ 581 b,Radial Velocity,0,0.295,5.3686,0.0342,15.2,0.01,0.0001,0.009,0.22,-0.01,-0.0001,-0.01,-0.27
GJ 581,3,GJ 581 c,Radial Velocity,0,0.295,12.9211,0.032,5.5,0.01,0.0008,0.027,0.3,-0.01,-0.0007,-0.021,-0.3
GJ 876,4,GJ 876 c,Radial Velocity,0,0.32,30.0881,0.25591,241.5,0.03,0.0082,0.00093,0.7,-0.03,-0.0082,-0.00093,-0.6
CoRoT-7,3,CoRoT-7 c,Radial Velocity,0,0.899,3.698,0.0,,0.122462,0.003,,,-0.095241,-0.003,,
HD 69830,3,HD 69830 b,Radial Velocity,0,0.86,8.667,0.1,10.2,0.03,0.003,0.04,,-0.03,-0.003,-0.04,
Kepler-267,3,Kepler-267 b,Transit,0,0.541571,3.353728,0.0,,0.020592,7e-06,,,-0.020592,-7e-06,,
HD 20781,5,HD 20781 c,Radial Velocity,0,0.7,13.8905,0.09,5.33,,0.0033,0.09,0.7,,-0.0034,-0.06,-0.67
HD 69830,3,HD 69830 d,Radial Velocity,0,0.86,197.0,0.07,18.1,0.03,3.0,0.07,,-0.03,-3.0,-0.07,
HD 31527,3,HD 31527 c,Radial Velocity,0,0.96,51.2053,0.04,14.16,,0.0373,0.05,1.28,,-0.0368,-0.03,-1.23
HD 31527,3,HD 31527 d,Radial Velocity,0,0.96,271.6737,0.24,11.82,,2.1135,0.13,1.7,,-2.2471,-0.13,-1.64
HD 31527,3,HD 31527 b,Radial Velocity,0,0.96,16.5535,0.1,10.47,,0.0034,0.05,0.89,,-0.0035,-0.05,-0.87
HD 37124,3,HD 37124 d,Radial Velocity,0,0.85,1862.0,0.16,221.20968,,38.0,0.14,18.75197,,-38.0,-0.14,-18.75197
HIP 14810,3,HIP 14810 d,Radial Velocity,0,1.01,981.8,0.185,187.5197,0.19,6.9,0.035,31.783,-0.19,-6.9,-0.035,-31.783
55 Cnc,7,55 Cnc f,Radial Velocity,0,1.015,260.58,0.063,48.5,0.051,0.15,0.048,2.8,-0.051,-0.15,-0.043,-2.8
K2-384,5,K2-384 d,Transit,0,0.33,6.679582,,,0.009,0.000719,,,-0.009,-0.000498,,
HD 40307,5,HD 40307 b,Radial Velocity,0,0.77,4.3123,0.2,4.0,0.05,0.0011,0.14,0.8,-0.05,-0.0012,-0.16,-0.7
HD 204313,3,HD 204313 b,Radial Velocity,0,1.03,2041.11539,0.1,1417.51469522,0.132,1.68088,0.003,31.7828407,-0.132,-1.86675,-0.003,-31.7828407
K2-368,3,K2-368 d,Transit,0,0.746,20.201085,,,0.334,0.002354,,,-0.232,-0.002736,,
K2-138,6,K2-138 c,Transit,0,0.935,3.56004,0.045,,0.019,0.00012,0.051,,-0.023,-0.00011,-0.032,
Kepler-47,3,Kepler-47 c,Transit,0,0.957,303.227,0.044,,0.013,0.062,0.029,,-0.015,-0.027,-0.019,
K2-384,5,K2-384 f,Transit,0,0.33,13.62749,,,0.009,0.000342,,,-0.009,-0.000574,,
K2-268,5,K2-268 d,Transit,0,0.84,4.528598,,,0.02,1.6e-05,,,-0.02,-1.5e-05,,
K2-268,5,K2-268 e,Transit,0,0.84,6.131243,,,0.02,3.2e-05,,,-0.02,-3.3e-05,,
GJ 676 A,4,GJ 676 A e,Radial Velocity,0,0.626,35.47358,0.152,6.674396547,0.063,0.0156,0.086,0.635656814,-0.063,-0.01472,-0.06,-0.635656814
GJ 667 C,5,GJ 667 C e,Radial Velocity,1,0.33,62.24,0.02,2.7,0.02,0.55,0.22,1.6,-0.02,-0.55,-0.02,-1.4
GJ 667 C,5,GJ 667 C g,Radial Velocity,1,0.33,256.2,0.08,4.6,0.02,13.8,0.41,2.6,-0.02,-7.9,-0.08,-2.3
Kepler-48,5,Kepler-48 e,Radial Velocity,0,0.88,982.0,0.003142,687.3262286,0.06,8.0,0.028616,19.86068357,-0.06,-8.0,-0.028616,-19.86068357
LHS 1678,3,LHS 1678 b,Transit,0,0.345,0.8602325,0.033,,0.014,1.3e-06,0.035,,-0.014,-1.1e-06,-0.023,
GJ 3998,3,GJ 3998 b,Radial Velocity,0,0.52,2.65033,0.0,2.5,0.05,0.00022,,0.3,-0.05,-0.00019,,-0.29
K2-239,3,K2-239 b,Transit,0,0.4,5.24,,,0.01,0.001,,,-0.01,-0.001,,
K2-233,3,K2-233 d,Transit,0,0.79,24.3681,0.18,,0.01,0.0013,0.09,,-0.01,-0.0014,-0.09,
47 UMa,3,47 UMa d,Radial Velocity,0,1.06,14002.0,0.16,521.22,0.128402,4018.0,0.09,92.17,-0.137608,-5095.0,-0.16,-152.55
GJ 9827,3,GJ 9827 b,Transit,0,0.62,1.208974,0.0,3.41,0.04,1e-06,,1.2,-0.04,-1e-06,,-0.76
K2-368,3,K2-368 c,Transit,0,0.746,9.660186,,,0.334,0.001164,,,-0.232,-0.001169,,
Kepler-411,4,Kepler-411 e,Transit Timing Variations,0,0.87,31.509728,0.016,,0.039,8.5e-05,0.002,,-0.039,-8.5e-05,-0.001,
Kepler-454,3,Kepler-454 c,Radial Velocity,0,1.03,524.19,0.0053,1433.40611557,0.04,0.2,,38.13940884,-0.03,-0.2,,-38.13940884
Kepler-758,4,Kepler-758 b,Transit,0,1.16,12.1097104,0.0,,0.122,7.142e-05,,,-0.082,-7.142e-05,,
Wolf 1061,3,Wolf 1061 d,Radial Velocity,0,0.294,217.21,0.55,7.7,,0.55,0.08,1.12,,-0.52,-0.09,-1.06
Wolf 1061,3,Wolf 1061 b,Radial Velocity,0,0.294,4.8869,0.15,1.91,,0.0005,0.13,0.26,,-0.0005,-0.1,-0.25
HD 34445,6,HD 34445 d,Radial Velocity,0,1.07,117.87,0.027,30.7,0.02,0.18,0.051,3.9,-0.02,-0.18,-0.027,-3.9
Kepler-65,4,Kepler-65 e,Radial Velocity,0,1.248,258.8,0.283,207.54299,0.018,1.5,0.064,17.79848,-0.021,-1.3,-0.071,-17.48065
K2-352,3,K2-352 c,Transit,0,0.98,8.234885,,,0.04,0.000508,,,-0.04,-0.000475,,
K2-148,3,K2-148 c,Transit,0,0.65,6.9226,,,0.061,0.0007,,,-0.061,-0.0007,,
K2-233,3,K2-233 b,Transit,0,0.79,2.467583,0.0,,0.01,6.2e-05,,,-0.01,-6.7e-05,,
K2-183,3,K2-183 d,Transit,0,0.942219,22.620344,,,0.021244,6.7e-05,,,-0.024592,-6.7e-05,,
K2-381,3,K2-381 d,Transit,0,0.754,26.803023,,,0.337,0.002775,,,-0.239,-0.003048,,
CoRoT-7,3,CoRoT-7 d,Radial Velocity,0,0.915,8.966,,,0.017,1.546,,,-0.017,-1.546,,
Kepler-281,3,Kepler-281 c,Transit,0,0.95,36.337373,0.0,,0.058,0.000111,,,-0.057,-0.000111,,
2MASS J19383260+4603591,3,Kepler-451 c,Eclipse Timing Variations,0,0.48,1460.0,0.29,511.70373527,,90.0,0.07,44.49597698,,-90.0,-0.07,-44.49597698
TOI-561,4,TOI-561 d,Transit,1,0.806,25.71268,0.111,,0.036,0.00012,0.05,,-0.036,-0.00012,-0.039,
TOI-1203,4,TOI-1203 c,Radial Velocity,0,0.886,13.0766,0.092,5.46,0.036,0.0079,0.081,0.51,-0.036,-0.0072,-0.063,-0.5
TOI-1203,4,TOI-1203 b,Radial Velocity,0,0.886,4.1572888,0.067,,0.036,5e-06,0.063,,-0.036,-4.9e-06,-0.045,
TOI-469,3,HIP 29442 d,Radial Velocity,0,0.901,6.429575,,,0.043,2.6e-05,,,-0.043,-2.6e-05,,
HD 93385,3,HD 93385 d,Radial Velocity,0,1.04,45.85,0.09,8.7,0.01,0.05,0.15,0.9,-0.01,-0.05,-0.05,-0.9
Kepler-279,4,Kepler-279 c,Transit,0,1.1,35.736,0.0,,0.16,,,,-0.13,,,
Kepler-286,4,Kepler-286 b,Transit,0,0.83,1.796302,0.0,,0.031,9e-06,,,-0.029,-9e-06,,
HD 224018,3,HD 224018 c,Transit,0,1.013,36.57669,0.02,,0.069,0.00019,0.02,,-0.061,-0.00017,-0.02,
Barnard's star,4,Barnard b,Radial Velocity,0,0.162,3.1542,0.03,0.299,0.007,0.0004,0.03,0.026,-0.007,-0.0004,-0.02,-0.026
Kepler-65,4,Kepler-65 b,Transit,0,1.25,2.15491,0.028,2.454569256,0.06,5e-06,0.031,2.397911835,-0.06,-5e-06,-0.02,-2.397911835
Kepler-158,3,Kepler-158 d,Transit,0,0.656,0.645088,,,0.073,2e-06,,,-0.049,-2e-06,,
Kepler-80,6,Kepler-80 e,Transit,0,0.73,4.64489,0.0035,,0.03,0.0002,0.0032,,-0.03,-0.00019,-0.0024,
Kepler-82,5,Kepler-82 d,Transit,0,0.946,2.382961,0.0,,0.017,5e-06,,,-0.024,-5e-06,,
Kepler-20,6,Kepler-20 b,Transit,0,0.929,3.6961049,0.083,9.512975365,0.053,1.6e-06,,1.458891087,-0.053,-1.6e-06,,-1.458891087
Kepler-446,3,Kepler-446 b,Transit,0,0.22,1.565409,0.0,,0.05,3.3e-06,,,-0.05,-3.3e-06,,
HD 224018,3,HD 224018 d,Transit,0,1.013,138.0731,0.04,,0.069,27.6127,0.05,,-0.061,-0.005,-0.04,
Kepler-385,3,Kepler-385 c,Transit,0,0.992,15.163161,0.0,,0.034,0.000269,,,-0.032,-0.000269,,
Kepler-60,3,Kepler-60 b,Transit,0,1.041,7.1334,0.0,,0.077,0.0001,,,-0.077,-0.0001,,
Kepler-104,3,Kepler-104 d,Transit,0,0.818,51.755394,0.0,5.54022107,0.013,0.00016,,4.628281034,-0.008,-0.00016,,-4.628281034
Kepler-100,4,Kepler-100 b,Transit,0,1.13,6.88734,0.13,5.444915669,0.05,7e-05,0.27,1.303137264,-0.05,-7e-05,-0.13,-1.303137264
Kepler-401,3,Kepler-401 b,Transit,0,1.173,14.383035,0.0,,0.068,0.000211,,,-0.048,-0.000211,,
Kepler-167,4,Kepler-167 d,Transit,0,0.777,21.80379,0.0,,0.034,0.00013,,,-0.031,-0.00018,,
Kepler-206,3,Kepler-206 b,Transit,0,0.957,7.781987,0.0,,0.033,5.8e-05,,,-0.03,-5.8e-05,,
Kepler-619,3,Kepler-619 d,Transit,0,1.041,11.67894236,0.0,,0.139,2.452e-05,,,-0.139,-2.452e-05,,
Kepler-403,3,Kepler-403 b,Transit,0,1.299,7.031462,0.0,,0.0505,5.1e-05,,,-0.0505,-5.1e-05,,
Kepler-85,4,Kepler-85 b,Transit,0,0.928,8.3,0.02,,0.044,,0.028,,-0.044,,-0.016,
Kepler-172,4,Kepler-172 d,Transit,0,1.081,14.627119,0.0,,0.027,0.000105,,,-0.034,-0.000105,,
Kepler-114,3,Kepler-114 d,Transit,0,0.56,11.776,0.0,,0.06,,,,-0.06,,,
Kepler-292,5,Kepler-292 b,Transit,0,0.865,2.580827,0.0,,0.021,2e-05,,,-0.029,-2e-05,,
Kepler-85,4,Kepler-85 d,Transit,0,0.947,17.91323,0.0,,0.016,0.000266,,,-0.017,-0.000266,,
Kepler-100,4,Kepler-100 e,Radial Velocity,0,1.097,60.888588,0.026437,24.14271827,0.0335,0.044471,0.127095,3.332145695,-0.0335,-0.044471,-0.127095,-3.332145695
Kepler-357,3,Kepler-357 d,Transit,0,0.794,49.499875,0.0,,0.012,0.00046,,,-0.021,-0.00046,,
Kepler-331,3,Kepler-331 b,Transit,0,0.653,8.457496,0.0,,0.014,2.4e-05,,,-0.014,-2.4e-05,,
Kepler-350,3,Kepler-350 c,Transit,0,1.0,17.849,0.0,,0.2,,,,-0.12,,,
Kepler-55,5,Kepler-55 c,Transit,0,0.62,42.1516418,0.0,,,0.00053,,,,-0.00053,,
Kepler-363,3,Kepler-363 c,Transit,0,1.226,7.542427,0.0,,0.031,5.8e-05,,,-0.075,-5.8e-05,,
HD 48948,3,HD 48948 b,Radial Velocity,0,0.686,7.34013,0.055,4.88,0.02,0.0004,0.043,0.21,-0.013,-0.0004,-0.043,-0.21
HD 48948,3,HD 48948 d,Radial Velocity,0,0.686,151.92,0.055,10.59,0.02,0.44,0.044,1.0,-0.013,-0.44,-0.044,-1.0
Kepler-272,3,Kepler-272 b,Transit,0,0.91,2.971353,0.0,,0.014,1.7e-05,,,-0.011,-1.7e-05,,
Kepler-1130,3,Kepler-1130 d,Transit,0,0.944,4.272250175,0.0,,0.039,,,,-0.066,,,
Barnard's star,4,Barnard c,Radial Velocity,0,0.162,4.1244,0.08,0.335,0.007,0.0006,0.06,0.03,-0.007,-0.0006,-0.05,-0.03
Kepler-107,4,Kepler-107 c,Transit,0,1.238,4.901452,0.08,,0.029,0.0,,,-0.029,0.0,,
Kepler-107,4,Kepler-107 b,Transit,0,1.238,3.1800218,0.1,,0.029,2.9e-06,,,-0.029,-2.9e-06,,
Kepler-127,3,Kepler-127 d,Transit,0,1.248,48.630408,0.03,,0.014,0.000128,0.28,,-0.022,-0.000128,-0.03,
Kepler-275,3,Kepler-275 d,Transit,0,1.189,35.676062,0.0,,0.036,0.000641,,,-0.037,-0.000641,,
Kepler-325,3,Kepler-325 b,Transit,0,0.914,4.544439,0.0,,0.014,8e-06,,,-0.016,-8e-06,,
Kepler-332,3,Kepler-332 c,Transit,0,0.743,15.995622,0.0,,0.014,0.000108,,,-0.025,-0.000108,,
Kepler-207,3,Kepler-207 b,Transit,0,1.313,1.611865,0.0,,0.025,6e-06,,,-0.028,-6e-06,,
Kepler-219,3,Kepler-219 c,Transit,0,1.164,22.714613,0.0,,0.035,7.5e-05,,,-0.033,-7.5e-05,,
Kepler-223,4,Kepler-223 c,Transit,0,1.125,9.84564,0.15,,0.094,0.00052,0.019,,-0.073,-0.00051,-0.051,
Kepler-402,4,Kepler-402 e,Transit,0,1.072,11.242861,0.0,,0.036,5.9e-05,,,-0.029,-5.9e-05,,
TOI-663,3,TOI-663 c,Transit,0,0.514,4.6955507,,,0.012,9.5e-06,,,-0.012,-9.4e-06,,
Kepler-238,5,Kepler-238 d,Transit,0,1.229,13.233549,0.0,,0.035,8.1e-05,,,-0.062,-8.1e-05,,
Kepler-224,4,Kepler-224 d,Transit,0,0.777,11.349393,0.0,,0.02,3.4e-05,,,-0.022,-3.4e-05,,
Kepler-30,3,Kepler-30 b,Transit,0,0.99,29.33434,0.042,,0.08,0.00815,0.003,,-0.08,-0.00815,-0.003,
Kepler-249,3,Kepler-249 b,Transit,0,0.510238,3.306539,0.0,,0.020399,1e-05,,,-0.020399,-1e-05,,
Kepler-325,3,Kepler-325 d,Transit,0,0.914,38.715185,0.0,,0.014,0.00022,,,-0.016,-0.00022,,
Kepler-149,3,Kepler-149 b,Transit,0,1.013,29.198943,0.0,,0.031,4.1e-05,,,-0.033,-4.1e-05,,
Kepler-238,5,Kepler-238 e,Transit,0,1.06,23.654,0.0,,0.17,,,,-0.12,,,
Kepler-342,4,Kepler-342 c,Transit,0,1.213,26.234138,0.0,,0.031,0.000163,,,-0.018,-0.000163,,
Kepler-106,4,Kepler-106 c,Transit,0,1.0,13.5708,0.0,13.32345722,0.06,,,2.426025306,-0.06,,,-2.426025306
Kepler-150,5,Kepler-150 c,Transit,0,0.956,7.381998,0.0,,0.018,1e-05,,,-0.021,-1e-05,,
Kepler-301,3,Kepler-301 b,Transit,0,1.022,2.508553,0.0,,0.021,1.2e-05,,,-0.029,-1.2e-05,,
Kepler-327,3,Kepler-327 c,Transit,0,0.591913,5.212333,0.0,,0.020356,1.9e-05,,,-0.020356,-1.9e-05,,
Kepler-336,3,Kepler-336 c,Transit,0,1.09,9.600001,0.0,,0.059,3.5e-05,,,-0.042,-3.5e-05,,
Kepler-299,4,Kepler-299 c,Transit,0,1.004,6.885875,0.0,,0.032,4e-05,,,-0.035,-4e-05,,
Kepler-304,4,Kepler-304 e,Transit,0,0.8,1.499146953,0.0,,0.02,2.797e-06,,,-0.026,-2.797e-06,,
Kepler-341,4,Kepler-341 e,Transit,0,0.976,42.473269,0.0,,0.03,0.000633,,,-0.029,-0.000633,,
Kepler-27,3,Kepler-27 d,Transit,0,0.926,6.546289921,0.0,,0.032,,,,-0.064,,,
Kepler-341,4,Kepler-341 b,Transit,0,0.976,5.195528,0.0,,0.03,5.3e-05,,,-0.029,-5.3e-05,,
Kepler-80,6,Kepler-80 b,Transit,0,0.73,7.05246,0.0049,,0.03,0.0002,0.0036,,-0.03,-0.00022,-0.0036,
Kepler-305,4,Kepler-305 c,Transit,0,0.76,8.291,0.0,,0.13,,,,-0.06,,,
Kepler-279,4,Kepler-279 d,Transit,0,1.1,54.414,0.0,,0.16,,,,-0.13,,,
Kepler-58,4,Kepler-58 e,Transit,0,1.017,4.45814897,0.0,,0.167,2.897e-05,,,-0.125,-2.897e-05,,
Kepler-770,3,Kepler-770 c,Transit,0,0.94,1.475322314,0.0,,0.053,4.187e-06,,,-0.057,-4.187e-06,,
Kepler-169,5,Kepler-169 d,Transit,0,0.825,8.348125,0.0,,0.007,4.1e-05,,,-0.013,-4.1e-05,,
Kepler-298,3,Kepler-298 b,Transit,0,0.66,10.475464,0.0,,0.015,2.7e-05,,,-0.015,-2.7e-05,,
Kepler-305,4,Kepler-305 e,Transit,0,0.82,3.20538,0.0,,,,,,,,,
Kepler-295,3,Kepler-295 d,Transit,0,0.89,33.884054,0.0,,0.037,0.000685,,,-0.044,-0.000685,,
Kepler-1669,3,Kepler-1669 d,Transit,0,0.609,4.72941177,0.0,,0.033,3.075e-05,,,-0.033,-3.075e-05,,
Kepler-295,3,Kepler-295 c,Transit,0,0.89,21.526258,0.0,,0.037,0.000336,,,-0.044,-0.000336,,
K2-352,3,K2-352 b,Transit,0,0.98,3.665912,,,0.04,0.000273,,,-0.04,-0.000295,,
Kepler-431,3,Kepler-431 b,Transit,0,1.071,6.803,0.0,,0.059,,,,-0.037,,,
Kepler-196,3,Kepler-196 d,Transit,0,0.805,122.0800018,0.0,,0.045,,,,-0.045,,,
HD 164922,4,HD 164922 d,Radial Velocity,0,0.926,12.458,0.12,4.0,0.029,0.003,0.13,1.0,-0.035,-0.003,-0.08,-1.0
KOI-142,3,Kepler-88 d,Radial Velocity,0,0.99,1403.0,0.41,965.0,0.023,14.0,0.03,44.0,-0.023,-14.0,-0.03,-44.0
K2-133,4,K2-133 b,Transit,0,0.461,3.07133,,,0.011,0.00011,,,-0.011,-0.00011,,
Kepler-84,5,Kepler-84 f,Transit,0,1.06,44.552169,0.0,,0.057,0.000812,,,-0.06,-0.000812,,
Kepler-160,3,Kepler-160 d,Transit Timing Variations,0,1.003,30.0,,,0.036,20.0,,,-0.034,-23.0,,
Kepler-92,3,Kepler-92 d,Transit,0,1.07,49.3568,0.07,11.8666806,0.138335,0.0024,0.34,11.28149826,-0.13016,-0.0024,-0.04,-11.28149826
Kepler-616,3,Kepler-616 d,Transit,0,1.061,51.06740189,0.0,,0.134,,,,-0.134,,,
TOI-561,4,TOI-561 b,Transit,0,0.806,0.4465697,0.0,,0.036,3e-07,,,-0.036,-3e-07,,
Kepler-352,3,Kepler-352 d,Transit,0,0.796,6.887279987,0.0,,0.046,,,,-0.046,,,
Kepler-292,5,Kepler-292 f,Transit,0,0.865,20.834237,0.0,,0.021,0.000184,,,-0.029,-0.000184,,
Kepler-290,3,Kepler-290 c,Transit,0,0.756,36.77031,0.0,,0.019,0.000183,,,-0.027,-0.000183,,
Kepler-215,4,Kepler-215 e,Transit,0,0.788,68.16101,0.0,,0.018,0.00063,,,-0.012,-0.00063,,
Kepler-401,3,Kepler-401 c,Transit,0,1.173,47.318218,0.0,,0.068,0.000695,,,-0.048,-0.000695,,
Kepler-220,4,Kepler-220 b,Transit,0,0.729,4.159807,0.0,,0.0185,1e-05,,,-0.0185,-1e-05,,
Kepler-354,3,Kepler-354 c,Transit,0,0.652,16.934402,0.0,,0.016,0.000228,,,-0.016,-0.000228,,
Kepler-206,3,Kepler-206 c,Transit,0,0.957,13.137471,0.0,,0.033,6.5e-05,,,-0.03,-6.5e-05,,
Kepler-171,3,Kepler-171 b,Transit,0,0.978,4.166972,0.0,,0.029,7e-06,,,-0.031,-7e-06,,
TOI-2076,4,TOI-2076 c,Transit,0,0.849,21.01447,0.036,,0.026,0.0006,,,-0.026,-0.0006,,
TOI-2267 A,3,TOI-2267 b,Transit,0,0.171,2.28909,,,0.0079,1.2e-06,,,-0.0079,-1.1e-06,,
TOI-2076,4,TOI-2076 e,Transit,0,0.849,3.0223753,0.0,,0.026,7.9e-06,,,-0.026,-7.9e-06,,
TOI-5789,4,TOI-5789 d,Radial Velocity,0,0.821,29.65,0.096,4.29,0.032,0.12,,0.68,-0.027,-0.12,,-0.68
KOI-351,8,KOI-351 d,Transit,0,1.2,59.73667,0.0,,0.1,0.00038,,,-0.1,-0.00038,,
GJ 887,4,GJ 887 d,Radial Velocity,0,0.495,50.77,,6.1,0.049,0.05,,1.4,-0.049,-0.05,,-1.4
Kepler-176,4,Kepler-176 b,Transit,0,0.86,5.433074,0.0,,0.016,2.4e-05,,,-0.024,-2.4e-05,,
Kepler-244,3,Kepler-244 b,Transit,0,0.933,4.311792,0.0,,0.021,8e-06,,,-0.026,-8e-06,,
Kepler-81,3,Kepler-81 b,Transit,0,0.64,5.955,0.0,,0.38,,,,-0.23,,,
K2-198,3,K2-198 d,Transit,0,0.799,7.4500177,,,0.091,5.2e-06,,,-0.045,-2.6e-06,,
K2-198,3,K2-198 c,Transit,0,0.799,3.3596055,,,0.091,4e-06,,,-0.045,-2.1e-06,,
Kepler-54,3,Kepler-54 b,Transit,0,0.51,8.0109434,0.022,,,6.9e-05,0.02,,,-6.9e-05,-0.015,
Kepler-100,4,Kepler-100 c,Transit,0,1.08,12.8159,0.02,4.002234654,0.06,,0.15,1.709816164,-0.06,,-0.01,-1.709816164
Kepler-55,5,Kepler-55 d,Transit,0,0.631,2.211099,0.0,,0.016,4e-06,,,-0.016,-4e-06,,
Kepler-82,5,Kepler-82 c,Transit,0,0.91,51.54,0.007,,0.03,0.94,0.0016,,-0.03,-0.94,-0.0018,
Kepler-172,4,Kepler-172 c,Transit,0,1.081,6.388996,0.0,,0.027,2e-05,,,-0.034,-2e-05,,
Kepler-250,3,Kepler-250 c,Transit,0,0.806,7.156804,0.0,,0.02,2.2e-05,,,-0.029,-2.2e-05,,
Kepler-1388,4,Kepler-1388 d,Transit,0,0.63,20.9568158,0.0,,0.021,0.0001713,,,-0.03,-0.0001713,,
PSR B1257+12,3,PSR B1257+12 c,Pulsar Timing,0,1.4,66.5419,0.0186,3.4,,0.0001,0.0002,,,-0.0001,-0.0002,
Kepler-215,4,Kepler-215 b,Transit,0,0.788,9.360672,0.0,,0.018,4e-05,,,-0.012,-4e-05,,
Kepler-1669,3,Kepler-1669 c,Transit,0,0.609,1.609320045,0.0,,0.033,,,,-0.033,,,
Kepler-347,3,Kepler-347 d,Transit,0,1.0,85.517344,0.0,,0.072,0.001846,,,-0.072,-0.001846,,
Kepler-191,3,Kepler-191 d,Transit,0,0.84,5.945041017,0.0,,0.042,7.63e-06,,,-0.046,-7.63e-06,,
Kepler-304,4,Kepler-304 b,Transit,0,0.737,3.295709,0.0,,0.005,2e-06,,,-0.013,-2e-06,,
Kepler-49,4,Kepler-49 b,Transit,0,0.607,7.2,0.0,,0.014,,,,-0.014,,,
Kepler-84,5,Kepler-84 b,Transit,0,1.0,8.726,0.0,,0.42,,,,-0.29,,,
Kepler-310,3,Kepler-310 c,Transit,0,0.854,56.47542,0.0,,0.034,0.000207,,,-0.032,-0.000207,,
Kepler-616,3,Kepler-616 b,Transit,0,0.98,9.99761851,0.0,,0.058,2.138e-05,,,-0.054,-2.138e-05,,
Kepler-222,3,Kepler-222 b,Transit,0,0.933,3.936981,0.0,,0.019,5e-06,,,-0.011,-5e-06,,
Kepler-276,3,Kepler-276 b,Transit,0,0.845,14.12841,0.0,,0.034,0.000111,,,-0.029,-0.000111,,
Kepler-164,4,Kepler-164 c,Transit,0,1.036,10.945723,0.0,,0.031,2.9e-05,,,-0.034,-2.9e-05,,
Kepler-290,3,Kepler-290 b,Transit,0,0.756,14.589347,0.0,,0.019,6.6e-05,,,-0.027,-6.6e-05,,
Kepler-229,3,Kepler-229 c,Transit,0,0.808,16.068638,0.0,,0.017,1.9e-05,,,-0.021,-1.9e-05,,
K2-37,3,K2-37 b,Transit,0,0.84,4.4434,,,0.03,0.00032,,,-0.03,-0.00032,,
Kepler-84,5,Kepler-84 c,Transit,0,1.0,12.883,0.0,,0.42,,,,-0.29,,,
K2-72,4,K2-72 b,Transit,0,0.271365,5.577212,0.11,,0.079196,0.000417,0.196982,,-0.090624,-0.000419,-0.087659,
K2-72,4,K2-72 d,Transit,0,0.271365,7.760178,0.11,,0.079196,0.001496,0.207832,,-0.090624,-0.001496,-0.09233,
K2-183,3,K2-183 c,Transit,0,0.942219,10.787992,,,0.021244,0.00033,,,-0.024592,-0.00033,,
K2-187,4,K2-187 d,Transit,0,0.966999,7.149584,,,0.025227,0.00012,,,-0.024169,-0.00012,,
Kepler-275,3,Kepler-275 c,Transit,0,1.189,16.088134,0.0,,0.036,0.000164,,,-0.037,-0.000164,,
Kepler-32,5,Kepler-32 e,Transit,0,0.58,2.896,0.0,,0.05,0.0003,,,-0.05,-0.0003,,
Kepler-219,3,Kepler-219 d,Transit,0,1.164,47.903645,0.0,,0.035,0.000307,,,-0.033,-0.000307,,
Kepler-235,4,Kepler-235 e,Transit,0,0.581,46.183669,0.0,,0.018,0.000425,,,-0.018,-0.000425,,
Kepler-176,4,Kepler-176 d,Transit,0,0.86,25.751974,0.0,,0.016,0.000115,,,-0.024,-0.000115,,
Kepler-82,5,Kepler-82 e,Transit,0,0.946,5.902206,0.0,,0.017,1.2e-05,,,-0.024,-1.2e-05,,
Kepler-251,4,Kepler-251 b,Transit,0,0.891,4.790936,0.0,,0.019,3.7e-05,,,-0.027,-3.7e-05,,
Kepler-53,3,Kepler-53 c,Transit,0,0.98,38.5583038,0.0,,,0.00041,,,,-0.00041,,
Kepler-42,3,Kepler-42 d,Transit,0,0.13,1.865169,0.02,,0.05,1.4e-05,0.22,,-0.05,-1.4e-05,-0.02,
Kepler-253,3,Kepler-253 b,Transit,0,0.86,3.783986,0.0,,0.023,1.7e-05,,,-0.028,-1.7e-05,,
Kepler-603,3,Kepler-603 c,Transit,0,1.01,127.9075774,0.0,,0.063,0.0004999,,,-0.063,-0.0004999,,
KOI-351,8,KOI-351 g,Transit,0,1.242,210.73514,0.0292,22.70577859,0.096,0.00017,0.0038,24.51579472,-0.097,-0.00017,-0.0038,-24.51579472
WASP-47,4,WASP-47 c,Radial Velocity,0,1.058,589.57,0.264,398.9,0.047,0.02,0.007,9.1,-0.047,-0.02,-0.012,-9.1
HD 22946,3,HD 22946 d,Transit,0,1.098,47.42489,,,0.04,0.0001,,,-0.039,-0.00011,,
HD 136352,3,HD 136352 c,Radial Velocity,0,0.87,27.59221,0.0,11.28,0.04,0.00011,,0.73,-0.04,-0.00011,,-0.69
HD 176986,3,HD 176986 b,Radial Velocity,0,0.789,6.49164,0.066,5.36,0.019,0.0003,0.066,0.44,-0.019,-0.00029,-0.066,-0.44
HD 22946,3,TOI-411 b,Transit,0,1.098,4.040295,0.126,,0.04,1.5e-05,0.19,,-0.039,-1.4e-05,-0.009,
TOI-375,3,TOI-375 b,Transit,0,1.441,9.45469,0.087,,0.076,2e-05,0.041,,-0.075,-2e-05,-0.042,
HD 39194,3,HD 39194 b,Radial Velocity,0,0.86,5.63692,0.101,4.62,0.04,0.00032,,0.32,-0.04,-0.00032,,-0.32
HD 181433,3,HD 181433 c,Radial Velocity,0,0.86,1018.5,0.2402,235.5,0.06,1.47,0.0093,10.8,-0.06,-0.78,-0.008,-11.13
V1298 Tau,4,V1298 Tau d,Transit,0,1.1,12.401394,0.0087,,0.05,9e-06,,,-0.05,-9e-06,,
LHS 1903,4,LHS 1903 b,Transit,0,0.538,2.1555098,0.015,,0.039,2.6e-06,0.014,,-0.03,-2.9e-06,-0.01,
TOI-375,3,TOI-375 d,Radial Velocity,0,1.441,297.9,,445.595426614,0.076,28.9,,98.844634577,-0.075,-18.6,,-87.720640332
TOI-178,6,TOI-178 d,Transit,0,0.647,6.557569,0.0068,,0.03,6.5e-05,0.0016,,-0.029,-5.6e-05,-0.0016,
TOI-2076,4,TOI-2076 b,Transit,0,0.849,10.35504,0.0114,,0.026,0.00014,0.0054,,-0.026,-0.00014,-0.0054,
